"Time","layer","Points:0","Points:1","Points:2","u.x","u.z","eta"
100.000000, 0, -0.392082, 0.000000, -0.496477, -0.000263, -0.002971, -0.002952
100.000000, 1, -0.392082, 0.000000, -0.324781, -0.000679, -0.013049, -0.002952
100.000000, 2, -0.392082, 0.000000, -0.211712, -0.002837, -0.031347, -0.002952
100.000000, 3, -0.392082, 0.000000, -0.137252, -0.003350, -0.055645, -0.002952
100.000000, 4, -0.392082, 0.000000, -0.088218, -0.006161, -0.081014, -0.002952
100.000000, 5, -0.392082, 0.000000, -0.055927, -0.011934, -0.102882, -0.002952
100.000000, 6, -0.392082, 0.000000, -0.034662, -0.021928, -0.119794, -0.002952
100.000000, 7, -0.392082, 0.000000, -0.020659, -0.029444, -0.132470, -0.002952
100.000000, 8, -0.392082, 0.000000, -0.011437, -0.030466, -0.141840, -0.002952
100.000000, 9, -0.392082, 0.000000, -0.005364, -0.027609, -0.149040, -0.002952
100.000000, 0, -0.385907, 0.000000, -0.496317, -0.000092, -0.002980, -0.002027
100.000000, 1, -0.385907, 0.000000, -0.324354, -0.000038, -0.013129, -0.002027
100.000000, 2, -0.385907, 0.000000, -0.211110, -0.001328, -0.031613, -0.002027
100.000000, 3, -0.385907, 0.000000, -0.136535, -0.000657, -0.056205, -0.002027
100.000000, 4, -0.385907, 0.000000, -0.087425, -0.002216, -0.081922, -0.002027
100.000000, 5, -0.385907, 0.000000, -0.055084, -0.006936, -0.104113, -0.002027
100.000000, 6, -0.385907, 0.000000, -0.033786, -0.015986, -0.121322, -0.002027
100.000000, 7, -0.385907, 0.000000, -0.019761, -0.022705, -0.134285, -0.002027
100.000000, 8, -0.385907, 0.000000, -0.010525, -0.023194, -0.143843, -0.002027
100.000000, 9, -0.385907, 0.000000, -0.004442, -0.019966, -0.151062, -0.002027
100.000000, 0, -0.379733, 0.000000, -0.496154, 0.000080, -0.002982, -0.001087
100.000000, 1, -0.379733, 0.000000, -0.323921, 0.000608, -0.013178, -0.001087
100.000000, 2, -0.379733, 0.000000, -0.210499, 0.000199, -0.031806, -0.001087
100.000000, 3, -0.379733, 0.000000, -0.135806, 0.002075, -0.056639, -0.001087
100.000000, 4, -0.379733, 0.000000, -0.086619, 0.001793, -0.082643, -0.001087
100.000000, 5, -0.379733, 0.000000, -0.054227, -0.001850, -0.105099, -0.001087
100.000000, 6, -0.379733, 0.000000, -0.032896, -0.009920, -0.122549, -0.001087
100.000000, 7, -0.379733, 0.000000, -0.018848, -0.015821, -0.135764, -0.001087
100.000000, 8, -0.379733, 0.000000, -0.009598, -0.015767, -0.145518, -0.001087
100.000000, 9, -0.379733, 0.000000, -0.003506, -0.012168, -0.152773, -0.001087
100.000000, 0, -0.373558, 0.000000, -0.495988, 0.000252, -0.002978, -0.000134
100.000000, 1, -0.373558, 0.000000, -0.323481, 0.001257, -0.013197, -0.000134
100.000000, 2, -0.373558, 0.000000, -0.209879, 0.001740, -0.031925, -0.000134
100.000000, 3, -0.373558, 0.000000, -0.135068, 0.004840, -0.056941, -0.000134
100.000000, 4, -0.373558, 0.000000, -0.085802, 0.005857, -0.083171, -0.000134
100.000000, 5, -0.373558, 0.000000, -0.053359, 0.003317, -0.105831, -0.000134
100.000000, 6, -0.373558, 0.000000, -0.031994, -0.003737, -0.123464, -0.000134
100.000000, 7, -0.373558, 0.000000, -0.017924, -0.008802, -0.136887, -0.000134
100.000000, 8, -0.373558, 0.000000, -0.008658, -0.008185, -0.146843, -0.000134
100.000000, 9, -0.373558, 0.000000, -0.002557, -0.004207, -0.154153, -0.000134
100.000000, 0, -0.367384, 0.000000, -0.495822, 0.000423, -0.002967, 0.000828
100.000000, 1, -0.367384, 0.000000, -0.323038, 0.001908, -0.013185, 0.000828
100.000000, 2, -0.367384, 0.000000, -0.209253, 0.003291, -0.031969, 0.000828
100.000000, 3, -0.367384, 0.000000, -0.134322, 0.007632, -0.057107, 0.000828
100.000000, 4, -0.367384, 0.000000, -0.084977, 0.009969, -0.083496, 0.000828
100.000000, 5, -0.367384, 0.000000, -0.052482, 0.008554, -0.106304, 0.000828
100.000000, 6, -0.367384, 0.000000, -0.031082, 0.002538, -0.124061, 0.000828
100.000000, 7, -0.367384, 0.000000, -0.016990, -0.001673, -0.137645, 0.000828
100.000000, 8, -0.367384, 0.000000, -0.007710, -0.000473, -0.147797, 0.000828
100.000000, 9, -0.367384, 0.000000, -0.001598, 0.003895, -0.155182, 0.000828
100.000000, 0, -0.361209, 0.000000, -0.495654, 0.000593, -0.002950, 0.001797
100.000000, 1, -0.361209, 0.000000, -0.322591, 0.002560, -0.013142, 0.001797
100.000000, 2, -0.361209, 0.000000, -0.208623, 0.004850, -0.031936, 0.001797
100.000000, 3, -0.361209, 0.000000, -0.133571, 0.010445, -0.057134, 0.001797
100.000000, 4, -0.361209, 0.000000, -0.084147, 0.014120, -0.083614, 0.001797
100.000000, 5, -0.361209, 0.000000, -0.051599, 0.013850, -0.106505, 0.001797
100.000000, 6, -0.361209, 0.000000, -0.030165, 0.008890, -0.124328, 0.001797
100.000000, 7, -0.361209, 0.000000, -0.016050, 0.005545, -0.138029, 0.001797
100.000000, 8, -0.361209, 0.000000, -0.006754, 0.007352, -0.148364, 0.001797
100.000000, 9, -0.361209, 0.000000, -0.000633, 0.012122, -0.155843, 0.001797
100.000000, 0, -0.355035, 0.000000, -0.495485, 0.000762, -0.002925, 0.002770
100.000000, 1, -0.355035, 0.000000, -0.322143, 0.003210, -0.013067, 0.002770
100.000000, 2, -0.355035, 0.000000, -0.207990, 0.006411, -0.031825, 0.002770
100.000000, 3, -0.355035, 0.000000, -0.132817, 0.013273, -0.057019, 0.002770
100.000000, 4, -0.355035, 0.000000, -0.083313, 0.018299, -0.083520, 0.002770
100.000000, 5, -0.355035, 0.000000, -0.050712, 0.019192, -0.106429, 0.002770
100.000000, 6, -0.355035, 0.000000, -0.029243, 0.015301, -0.124258, 0.002770
100.000000, 7, -0.355035, 0.000000, -0.015106, 0.012833, -0.138032, 0.002770
100.000000, 8, -0.355035, 0.000000, -0.005795, 0.015267, -0.148534, 0.002770
100.000000, 9, -0.355035, 0.000000, 0.000336, 0.020453, -0.156119, 0.002770
100.000000, 0, -0.348860, 0.000000, -0.495316, 0.000929, -0.002894, 0.003744
100.000000, 1, -0.348860, 0.000000, -0.321694, 0.003857, -0.012961, 0.003744
100.000000, 2, -0.348860, 0.000000, -0.207357, 0.007973, -0.031635, 0.003744
100.000000, 3, -0.348860, 0.000000, -0.132062, 0.016107, -0.056757, 0.003744
100.000000, 4, -0.348860, 0.000000, -0.082478, 0.022496, -0.083207, 0.003744
100.000000, 5, -0.348860, 0.000000, -0.049825, 0.024566, -0.106066, 0.003744
100.000000, 6, -0.348860, 0.000000, -0.028322, 0.021753, -0.123844, 0.003744
100.000000, 7, -0.348860, 0.000000, -0.014161, 0.020176, -0.137647, 0.003744
100.000000, 8, -0.348860, 0.000000, -0.004836, 0.023251, -0.148292, 0.003744
100.000000, 9, -0.348860, 0.000000, 0.001305, 0.028861, -0.155987, 0.003744
100.000000, 0, -0.342686, 0.000000, -0.495148, 0.001093, -0.002855, 0.004715
100.000000, 1, -0.342686, 0.000000, -0.321246, 0.004500, -0.012823, 0.004715
100.000000, 2, -0.342686, 0.000000, -0.206726, 0.009529, -0.031365, 0.004715
100.000000, 3, -0.342686, 0.000000, -0.131310, 0.018940, -0.056348, 0.004715
100.000000, 4, -0.342686, 0.000000, -0.081646, 0.026701, -0.082671, 0.004715
100.000000, 5, -0.342686, 0.000000, -0.048940, 0.029957, -0.105409, 0.004715
100.000000, 6, -0.342686, 0.000000, -0.027402, 0.028231, -0.123074, 0.004715
100.000000, 7, -0.342686, 0.000000, -0.013219, 0.027554, -0.136864, 0.004715
100.000000, 8, -0.342686, 0.000000, -0.003879, 0.031279, -0.147624, 0.004715
100.000000, 9, -0.342686, 0.000000, 0.002272, 0.037318, -0.155424, 0.004715
100.000000, 0, -0.336511, 0.000000, -0.494980, 0.001256, -0.002810, 0.005680
100.000000, 1, -0.336511, 0.000000, -0.320802, 0.005136, -0.012653, 0.005680
100.000000, 2, -0.336511, 0.000000, -0.206098, 0.011077, -0.031014, 0.005680
100.000000, 3, -0.336511, 0.000000, -0.130562, 0.021764, -0.055788, 0.005680
100.000000, 4, -0.336511, 0.000000, -0.080819, 0.030903, -0.081910, 0.005680
100.000000, 5, -0.336511, 0.000000, -0.048061, 0.035348, -0.104454, 0.005680
100.000000, 6, -0.336511, 0.000000, -0.026489, 0.034715, -0.121946, 0.005680
100.000000, 7, -0.336511, 0.000000, -0.012283, 0.034949, -0.135678, 0.005680
100.000000, 8, -0.336511, 0.000000, -0.002927, 0.039326, -0.146518, 0.005680
100.000000, 9, -0.336511, 0.000000, 0.003233, 0.045794, -0.154411, 0.005680
100.000000, 0, -0.330336, 0.000000, -0.494815, 0.001415, -0.002757, 0.006635
100.000000, 1, -0.330336, 0.000000, -0.320361, 0.005764, -0.012452, 0.006635
100.000000, 2, -0.330336, 0.000000, -0.205477, 0.012612, -0.030582, 0.006635
100.000000, 3, -0.330336, 0.000000, -0.129822, 0.024570, -0.055076, 0.006635
100.000000, 4, -0.330336, 0.000000, -0.080000, 0.035089, -0.080919, 0.006635
100.000000, 5, -0.330336, 0.000000, -0.047190, 0.040723, -0.103196, 0.006635
100.000000, 6, -0.330336, 0.000000, -0.025584, 0.041184, -0.120454, 0.006635
100.000000, 7, -0.330336, 0.000000, -0.011356, 0.042336, -0.134082, 0.006635
100.000000, 8, -0.330336, 0.000000, -0.001986, 0.047368, -0.144967, 0.006635
100.000000, 9, -0.330336, 0.000000, 0.004185, 0.054265, -0.152929, 0.006635
100.000000, 0, -0.324162, 0.000000, -0.494651, 0.001571, -0.002698, 0.007577
100.000000, 1, -0.324162, 0.000000, -0.319927, 0.006382, -0.012219, 0.007577
100.000000, 2, -0.324162, 0.000000, -0.204864, 0.014129, -0.030069, 0.007577
100.000000, 3, -0.324162, 0.000000, -0.129091, 0.027350, -0.054210, 0.007577
100.000000, 4, -0.324162, 0.000000, -0.079192, 0.039246, -0.079696, 0.007577
100.000000, 5, -0.324162, 0.000000, -0.046332, 0.046064, -0.101632, 0.007577
100.000000, 6, -0.324162, 0.000000, -0.024692, 0.047616, -0.118592, 0.007577
100.000000, 7, -0.324162, 0.000000, -0.010441, 0.049691, -0.132070, 0.007577
100.000000, 8, -0.324162, 0.000000, -0.001057, 0.055379, -0.142961, 0.007577
100.000000, 9, -0.324162, 0.000000, 0.005123, 0.062704, -0.150966, 0.007577
100.000000, 0, -0.317987, 0.000000, -0.494491, 0.001723, -0.002633, 0.008503
100.000000, 1, -0.317987, 0.000000, -0.319500, 0.006989, -0.011954, 0.008503
100.000000, 2, -0.317987, 0.000000, -0.204262, 0.015625, -0.029474, 0.008503
100.000000, 3, -0.317987, 0.000000, -0.128374, 0.030094, -0.053190, 0.008503
100.000000, 4, -0.317987, 0.000000, -0.078399, 0.043361, -0.078237, 0.008503
100.000000, 5, -0.317987, 0.000000, -0.045488, 0.051354, -0.099758, 0.008503
100.000000, 6, -0.317987, 0.000000, -0.023815, 0.053988, -0.116358, 0.008503
100.000000, 7, -0.317987, 0.000000, -0.009543, 0.056987, -0.129638, 0.008503
100.000000, 8, -0.317987, 0.000000, -0.000144, 0.063331, -0.140499, 0.008503
100.000000, 9, -0.317987, 0.000000, 0.006045, 0.071082, -0.148512, 0.008503
100.000000, 0, -0.311813, 0.000000, -0.494334, 0.001871, -0.002560, 0.009409
100.000000, 1, -0.311813, 0.000000, -0.319082, 0.007582, -0.011658, 0.009409
100.000000, 2, -0.311813, 0.000000, -0.203673, 0.017094, -0.028797, 0.009409
100.000000, 3, -0.311813, 0.000000, -0.127672, 0.032794, -0.052015, 0.009409
100.000000, 4, -0.311813, 0.000000, -0.077622, 0.047421, -0.076544, 0.009409
100.000000, 5, -0.311813, 0.000000, -0.044663, 0.056575, -0.097572, 0.009409
100.000000, 6, -0.311813, 0.000000, -0.022958, 0.060276, -0.113750, 0.009409
100.000000, 7, -0.311813, 0.000000, -0.008664, 0.064194, -0.126785, 0.009409
100.000000, 8, -0.311813, 0.000000, 0.000749, 0.071195, -0.137576, 0.009409
100.000000, 9, -0.311813, 0.000000, 0.006948, 0.079372, -0.145566, 0.009409
100.000000, 0, -0.305638, 0.000000, -0.494181, 0.002014, -0.002482, 0.010291
100.000000, 1, -0.305638, 0.000000, -0.318676, 0.008161, -0.011332, 0.010291
100.000000, 2, -0.305638, 0.000000, -0.203099, 0.018532, -0.028039, 0.010291
100.000000, 3, -0.305638, 0.000000, -0.126988, 0.035440, -0.050687, 0.010291
100.000000, 4, -0.305638, 0.000000, -0.076866, 0.051409, -0.074615, 0.010291
100.000000, 5, -0.305638, 0.000000, -0.043859, 0.061707, -0.095075, 0.010291
100.000000, 6, -0.305638, 0.000000, -0.022122, 0.066456, -0.110769, 0.010291
100.000000, 7, -0.305638, 0.000000, -0.007808, 0.071281, -0.123509, 0.010291
100.000000, 8, -0.305638, 0.000000, 0.001619, 0.078940, -0.134191, 0.010291
100.000000, 9, -0.305638, 0.000000, 0.007826, 0.087546, -0.142126, 0.010291
100.000000, 0, -0.299464, 0.000000, -0.494032, 0.002153, -0.002397, 0.011146
100.000000, 1, -0.299464, 0.000000, -0.318281, 0.008722, -0.010976, 0.011146
100.000000, 2, -0.299464, 0.000000, -0.202543, 0.019935, -0.027201, 0.011146
100.000000, 3, -0.299464, 0.000000, -0.126325, 0.038022, -0.049206, 0.011146
100.000000, 4, -0.299464, 0.000000, -0.076133, 0.055313, -0.072453, 0.011146
100.000000, 5, -0.299464, 0.000000, -0.043079, 0.066732, -0.092270, 0.011146
100.000000, 6, -0.299464, 0.000000, -0.021312, 0.072503, -0.107413, 0.011146
100.000000, 7, -0.299464, 0.000000, -0.006978, 0.078218, -0.119810, 0.011146
100.000000, 8, -0.299464, 0.000000, 0.002462, 0.086537, -0.130347, 0.011146
100.000000, 9, -0.299464, 0.000000, 0.008678, 0.095570, -0.138194, 0.011146
100.000000, 0, -0.293289, 0.000000, -0.493889, 0.002286, -0.002306, 0.011971
100.000000, 1, -0.293289, 0.000000, -0.317901, 0.009266, -0.010590, 0.011971
100.000000, 2, -0.293289, 0.000000, -0.202007, 0.021298, -0.026284, 0.011971
100.000000, 3, -0.293289, 0.000000, -0.125686, 0.040531, -0.047574, 0.011971
100.000000, 4, -0.293289, 0.000000, -0.075426, 0.059115, -0.070061, 0.011971
100.000000, 5, -0.293289, 0.000000, -0.042327, 0.071630, -0.089158, 0.011971
100.000000, 6, -0.293289, 0.000000, -0.020531, 0.078391, -0.103686, 0.011971
100.000000, 7, -0.293289, 0.000000, -0.006177, 0.084976, -0.115689, 0.011971
100.000000, 8, -0.293289, 0.000000, 0.003275, 0.093953, -0.126045, 0.011971
100.000000, 9, -0.293289, 0.000000, 0.009500, 0.103413, -0.133778, 0.011971
100.000000, 0, -0.287115, 0.000000, -0.493752, 0.002414, -0.002211, 0.012763
100.000000, 1, -0.287115, 0.000000, -0.317536, 0.009789, -0.010175, 0.012763
100.000000, 2, -0.287115, 0.000000, -0.201492, 0.022616, -0.025289, 0.012763
100.000000, 3, -0.287115, 0.000000, -0.125072, 0.042956, -0.045796, 0.012763
100.000000, 4, -0.287115, 0.000000, -0.074747, 0.062801, -0.067443, 0.012763
100.000000, 5, -0.287115, 0.000000, -0.041606, 0.076383, -0.085745, 0.012763
100.000000, 6, -0.287115, 0.000000, -0.019782, 0.084095, -0.099591, 0.012763
100.000000, 7, -0.287115, 0.000000, -0.005410, 0.091527, -0.111151, 0.012763
100.000000, 8, -0.287115, 0.000000, 0.004055, 0.101157, -0.121291, 0.012763
100.000000, 9, -0.287115, 0.000000, 0.010288, 0.111041, -0.128885, 0.012763
100.000000, 0, -0.280940, 0.000000, -0.493621, 0.002537, -0.002110, 0.013517
100.000000, 1, -0.280940, 0.000000, -0.317189, 0.010290, -0.009733, 0.013517
100.000000, 2, -0.280940, 0.000000, -0.201001, 0.023884, -0.024218, 0.013517
100.000000, 3, -0.280940, 0.000000, -0.124487, 0.045289, -0.043874, 0.013517
100.000000, 4, -0.280940, 0.000000, -0.074100, 0.066355, -0.064607, 0.013517
100.000000, 5, -0.280940, 0.000000, -0.040919, 0.080971, -0.082037, 0.013517
100.000000, 6, -0.280940, 0.000000, -0.019067, 0.089589, -0.095135, 0.013517
100.000000, 7, -0.280940, 0.000000, -0.004677, 0.097841, -0.106201, 0.013517
100.000000, 8, -0.280940, 0.000000, 0.004799, 0.108115, -0.116089, 0.013517
100.000000, 9, -0.280940, 0.000000, 0.011040, 0.118419, -0.123522, 0.013517
100.000000, 0, -0.274766, 0.000000, -0.493497, 0.002653, -0.002004, 0.014233
100.000000, 1, -0.274766, 0.000000, -0.316859, 0.010768, -0.009264, 0.014233
100.000000, 2, -0.274766, 0.000000, -0.200536, 0.025100, -0.023074, 0.014233
100.000000, 3, -0.274766, 0.000000, -0.123933, 0.047520, -0.041813, 0.014233
100.000000, 4, -0.274766, 0.000000, -0.073487, 0.069762, -0.061558, 0.014233
100.000000, 5, -0.274766, 0.000000, -0.040267, 0.085372, -0.078044, 0.014233
100.000000, 6, -0.274766, 0.000000, -0.018390, 0.094851, -0.090326, 0.014233
100.000000, 7, -0.274766, 0.000000, -0.003983, 0.103891, -0.100846, 0.014233
100.000000, 8, -0.274766, 0.000000, 0.005504, 0.114797, -0.110451, 0.014233
100.000000, 9, -0.274766, 0.000000, 0.011752, 0.125510, -0.117703, 0.014233
100.000000, 0, -0.268591, 0.000000, -0.493381, 0.002764, -0.001894, 0.014905
100.000000, 1, -0.268591, 0.000000, -0.316549, 0.011221, -0.008769, 0.014905
100.000000, 2, -0.268591, 0.000000, -0.200098, 0.026257, -0.021859, 0.014905
100.000000, 3, -0.268591, 0.000000, -0.123412, 0.049640, -0.039618, 0.014905
100.000000, 4, -0.268591, 0.000000, -0.072911, 0.073006, -0.058305, 0.014905
100.000000, 5, -0.268591, 0.000000, -0.039654, 0.089565, -0.073777, 0.014905
100.000000, 6, -0.268591, 0.000000, -0.017753, 0.099854, -0.085176, 0.014905
100.000000, 7, -0.268591, 0.000000, -0.003331, 0.109649, -0.095098, 0.014905
100.000000, 8, -0.268591, 0.000000, 0.006167, 0.121167, -0.104388, 0.014905
100.000000, 9, -0.268591, 0.000000, 0.012422, 0.132274, -0.111442, 0.014905
100.000000, 0, -0.262417, 0.000000, -0.493272, 0.002867, -0.001779, 0.015533
100.000000, 1, -0.262417, 0.000000, -0.316260, 0.011647, -0.008250, 0.015533
100.000000, 2, -0.262417, 0.000000, -0.199691, 0.027352, -0.020578, 0.015533
100.000000, 3, -0.262417, 0.000000, -0.122925, 0.051637, -0.037294, 0.015533
100.000000, 4, -0.262417, 0.000000, -0.072373, 0.076072, -0.054859, 0.015533
100.000000, 5, -0.262417, 0.000000, -0.039082, 0.093533, -0.069249, 0.015533
100.000000, 6, -0.262417, 0.000000, -0.017159, 0.104585, -0.079696, 0.015533
100.000000, 7, -0.262417, 0.000000, -0.002722, 0.115094, -0.088969, 0.015533
100.000000, 8, -0.262417, 0.000000, 0.006786, 0.127191, -0.097915, 0.015533
100.000000, 9, -0.262417, 0.000000, 0.013047, 0.138667, -0.104760, 0.015533
100.000000, 0, -0.256242, 0.000000, -0.493171, 0.002964, -0.001659, 0.016113
100.000000, 1, -0.256242, 0.000000, -0.315992, 0.012045, -0.007706, 0.016113
100.000000, 2, -0.256242, 0.000000, -0.199313, 0.028381, -0.019233, 0.016113
100.000000, 3, -0.256242, 0.000000, -0.122476, 0.053506, -0.034852, 0.016113
100.000000, 4, -0.256242, 0.000000, -0.071875, 0.078948, -0.051228, 0.016113
100.000000, 5, -0.256242, 0.000000, -0.038553, 0.097257, -0.064469, 0.016113
100.000000, 6, -0.256242, 0.000000, -0.016610, 0.109024, -0.073904, 0.016113
100.000000, 7, -0.256242, 0.000000, -0.002159, 0.120203, -0.082480, 0.016113
100.000000, 8, -0.256242, 0.000000, 0.007358, 0.132836, -0.091059, 0.016113
100.000000, 9, -0.256242, 0.000000, 0.013625, 0.144657, -0.097696, 0.016113
100.000000, 0, -0.250068, 0.000000, -0.493079, 0.003054, -0.001536, 0.016643
100.000000, 1, -0.250068, 0.000000, -0.315748, 0.012415, -0.007141, 0.016643
100.000000, 2, -0.250068, 0.000000, -0.198968, 0.029339, -0.017829, 0.016643
100.000000, 3, -0.250068, 0.000000, -0.122065, 0.055236, -0.032300, 0.016643
100.000000, 4, -0.250068, 0.000000, -0.071421, 0.081614, -0.047429, 0.016643
100.000000, 5, -0.250068, 0.000000, -0.038070, 0.100712, -0.059458, 0.016643
100.000000, 6, -0.250068, 0.000000, -0.016107, 0.113152, -0.067817, 0.016643
100.000000, 7, -0.250068, 0.000000, -0.001644, 0.124955, -0.075638, 0.016643
100.000000, 8, -0.250068, 0.000000, 0.007880, 0.138075, -0.083825, 0.016643
100.000000, 9, -0.250068, 0.000000, 0.014153, 0.150209, -0.090259, 0.016643
100.000000, 0, -0.243893, 0.000000, -0.492996, 0.003136, -0.001409, 0.017122
100.000000, 1, -0.243893, 0.000000, -0.315527, 0.012753, -0.006554, 0.017122
100.000000, 2, -0.243893, 0.000000, -0.198657, 0.030223, -0.016369, 0.017122
100.000000, 3, -0.243893, 0.000000, -0.121694, 0.056821, -0.029646, 0.017122
100.000000, 4, -0.243893, 0.000000, -0.071011, 0.084059, -0.043476, 0.017122
100.000000, 5, -0.243893, 0.000000, -0.037634, 0.103883, -0.054241, 0.017122
100.000000, 6, -0.243893, 0.000000, -0.015654, 0.116950, -0.061459, 0.017122
100.000000, 7, -0.243893, 0.000000, -0.001180, 0.129324, -0.068462, 0.017122
100.000000, 8, -0.243893, 0.000000, 0.008352, 0.142882, -0.076232, 0.017122
100.000000, 9, -0.243893, 0.000000, 0.014629, 0.155288, -0.082480, 0.017122
100.000000, 0, -0.237719, 0.000000, -0.492923, 0.003211, -0.001280, 0.017547
100.000000, 1, -0.237719, 0.000000, -0.315331, 0.013061, -0.005949, 0.017547
100.000000, 2, -0.237719, 0.000000, -0.198380, 0.031030, -0.014858, 0.017547
100.000000, 3, -0.237719, 0.000000, -0.121364, 0.058255, -0.026898, 0.017547
100.000000, 4, -0.237719, 0.000000, -0.070646, 0.086268, -0.039386, 0.017547
100.000000, 5, -0.237719, 0.000000, -0.037246, 0.106746, -0.048845, 0.017547
100.000000, 6, -0.237719, 0.000000, -0.015251, 0.120384, -0.054853, 0.017547
100.000000, 7, -0.237719, 0.000000, -0.000767, 0.133280, -0.060969, 0.017547
100.000000, 8, -0.237719, 0.000000, 0.008772, 0.147239, -0.068305, 0.017547
100.000000, 9, -0.237719, 0.000000, 0.015053, 0.159882, -0.074397, 0.017547
100.000000, 0, -0.231544, 0.000000, -0.492858, 0.003277, -0.001149, 0.017917
100.000000, 1, -0.231544, 0.000000, -0.315160, 0.013338, -0.005327, 0.017917
100.000000, 2, -0.231544, 0.000000, -0.198139, 0.031757, -0.013301, 0.017917
100.000000, 3, -0.231544, 0.000000, -0.121077, 0.059532, -0.024066, 0.017917
100.000000, 4, -0.231544, 0.000000, -0.070329, 0.088233, -0.035173, 0.017917
100.000000, 5, -0.231544, 0.000000, -0.036909, 0.109286, -0.043287, 0.017917
100.000000, 6, -0.231544, 0.000000, -0.014901, 0.123433, -0.048023, 0.017917
100.000000, 7, -0.231544, 0.000000, -0.000408, 0.136802, -0.053189, 0.017917
100.000000, 8, -0.231544, 0.000000, 0.009137, 0.151129, -0.060079, 0.017917
100.000000, 9, -0.231544, 0.000000, 0.015422, 0.163968, -0.066045, 0.017917
100.000000, 0, -0.225370, 0.000000, -0.492804, 0.003335, -0.001016, 0.018232
100.000000, 1, -0.225370, 0.000000, -0.315015, 0.013581, -0.004689, 0.018232
100.000000, 2, -0.225370, 0.000000, -0.197935, 0.032399, -0.011703, 0.018232
100.000000, 3, -0.225370, 0.000000, -0.120833, 0.060646, -0.021158, 0.018232
100.000000, 4, -0.225370, 0.000000, -0.070059, 0.089940, -0.030853, 0.018232
100.000000, 5, -0.225370, 0.000000, -0.036622, 0.111484, -0.037592, 0.018232
100.000000, 6, -0.225370, 0.000000, -0.014603, 0.126076, -0.040994, 0.018232
100.000000, 7, -0.225370, 0.000000, -0.000103, 0.139871, -0.045151, 0.018232
100.000000, 8, -0.225370, 0.000000, 0.009447, 0.154531, -0.051596, 0.018232
100.000000, 9, -0.225370, 0.000000, 0.015735, 0.167520, -0.057482, 0.018232
100.000000, 0, -0.219195, 0.000000, -0.492759, 0.003386, -0.000881, 0.018490
100.000000, 1, -0.219195, 0.000000, -0.314896, 0.013792, -0.004038, 0.018490
100.000000, 2, -0.219195, 0.000000, -0.197767, 0.032956, -0.010070, 0.018490
100.000000, 3, -0.219195, 0.000000, -0.120634, 0.061593, -0.018186, 0.018490
100.000000, 4, -0.219195, 0.000000, -0.069838, 0.091383, -0.026447, 0.018490
100.000000, 5, -0.219195, 0.000000, -0.036387, 0.113329, -0.031783, 0.018490
100.000000, 6, -0.219195, 0.000000, -0.014359, 0.128300, -0.033787, 0.018490
100.000000, 7, -0.219195, 0.000000, 0.000148, 0.142478, -0.036879, 0.018490
100.000000, 8, -0.219195, 0.000000, 0.009701, 0.157429, -0.042892, 0.018490
100.000000, 9, -0.219195, 0.000000, 0.015992, 0.170519, -0.048756, 0.018490
100.000000, 0, -0.213021, 0.000000, -0.492724, 0.003427, -0.000745, 0.018691
100.000000, 1, -0.213021, 0.000000, -0.314804, 0.013970, -0.003376, 0.018691
100.000000, 2, -0.213021, 0.000000, -0.197637, 0.033425, -0.008407, 0.018691
100.000000, 3, -0.213021, 0.000000, -0.120478, 0.062372, -0.015160, 0.018691
100.000000, 4, -0.213021, 0.000000, -0.069666, 0.092559, -0.021973, 0.018691
100.000000, 5, -0.213021, 0.000000, -0.036204, 0.114812, -0.025883, 0.018691
100.000000, 6, -0.213021, 0.000000, -0.014169, 0.130104, -0.026423, 0.018691
100.000000, 7, -0.213021, 0.000000, 0.000343, 0.144624, -0.028400, 0.018691
100.000000, 8, -0.213021, 0.000000, 0.009899, 0.159821, -0.034011, 0.018691
100.000000, 9, -0.213021, 0.000000, 0.016192, 0.172946, -0.039925, 0.018691
100.000000, 0, -0.206846, 0.000000, -0.492700, 0.003461, -0.000608, 0.018834
100.000000, 1, -0.206846, 0.000000, -0.314738, 0.014113, -0.002705, 0.018834
100.000000, 2, -0.206846, 0.000000, -0.197543, 0.033803, -0.006720, 0.018834
100.000000, 3, -0.206846, 0.000000, -0.120367, 0.062972, -0.012092, 0.018834
100.000000, 4, -0.206846, 0.000000, -0.069543, 0.093446, -0.017453, 0.018834
100.000000, 5, -0.206846, 0.000000, -0.036074, 0.115908, -0.019922, 0.018834
100.000000, 6, -0.206846, 0.000000, -0.014033, 0.131462, -0.018921, 0.018834
100.000000, 7, -0.206846, 0.000000, 0.000482, 0.146289, -0.019730, 0.018834
100.000000, 8, -0.206846, 0.000000, 0.010040, 0.161680, -0.024998, 0.018834
100.000000, 9, -0.206846, 0.000000, 0.016335, 0.174787, -0.031065, 0.018834
100.000000, 0, -0.200672, 0.000000, -0.492685, 0.003486, -0.000470, 0.018920
100.000000, 1, -0.200672, 0.000000, -0.314698, 0.014220, -0.002028, 0.018920
100.000000, 2, -0.200672, 0.000000, -0.197488, 0.034089, -0.005014, 0.018920
100.000000, 3, -0.200672, 0.000000, -0.120300, 0.063394, -0.008992, 0.018920
100.000000, 4, -0.200672, 0.000000, -0.069469, 0.094040, -0.012909, 0.018920
100.000000, 5, -0.200672, 0.000000, -0.035996, 0.116614, -0.013921, 0.018920
100.000000, 6, -0.200672, 0.000000, -0.013952, 0.132380, -0.011303, 0.018920
100.000000, 7, -0.200672, 0.000000, 0.000565, 0.147477, -0.010901, 0.018920
100.000000, 8, -0.200672, 0.000000, 0.010125, 0.162994, -0.015895, 0.018920
100.000000, 9, -0.200672, 0.000000, 0.016420, 0.176012, -0.022217, 0.018920
100.000000, 0, -0.194497, 0.000000, -0.492680, 0.003504, -0.000330, 0.018949
100.000000, 1, -0.194497, 0.000000, -0.314685, 0.014294, -0.001347, 0.018949
100.000000, 2, -0.194497, 0.000000, -0.197468, 0.034289, -0.003294, 0.018949
100.000000, 3, -0.194497, 0.000000, -0.120277, 0.063648, -0.005874, 0.018949
100.000000, 4, -0.194497, 0.000000, -0.069444, 0.094362, -0.008364, 0.018949
100.000000, 5, -0.194497, 0.000000, -0.035968, 0.116954, -0.007901, 0.018949
100.000000, 6, -0.194497, 0.000000, -0.013924, 0.132911, -0.003580, 0.018949
100.000000, 7, -0.194497, 0.000000, 0.000594, 0.148257, -0.001954, 0.018949
100.000000, 8, -0.194497, 0.000000, 0.010154, 0.163834, -0.006781, 0.018949
100.000000, 9, -0.194497, 0.000000, 0.016450, 0.176663, -0.013437, 0.018949
100.000000, 0, -0.188323, 0.000000, -0.492684, 0.003513, -0.000190, 0.018926
100.000000, 1, -0.188323, 0.000000, -0.314695, 0.014331, -0.000665, 0.018926
100.000000, 2, -0.188323, 0.000000, -0.197484, 0.034399, -0.001567, 0.018926
100.000000, 3, -0.188323, 0.000000, -0.120295, 0.063719, -0.002747, 0.018926
100.000000, 4, -0.188323, 0.000000, -0.069464, 0.094382, -0.003841, 0.018926
100.000000, 5, -0.188323, 0.000000, -0.035990, 0.116907, -0.001883, 0.018926
100.000000, 6, -0.188323, 0.000000, -0.013946, 0.133023, 0.004241, 0.018926
100.000000, 7, -0.188323, 0.000000, 0.000571, 0.148596, 0.007104, 0.018926
100.000000, 8, -0.188323, 0.000000, 0.010131, 0.164163, 0.002285, 0.018926
100.000000, 9, -0.188323, 0.000000, 0.016426, 0.176750, -0.004894, 0.018926
100.000000, 0, -0.182148, 0.000000, -0.492698, 0.003514, -0.000048, 0.018843
100.000000, 1, -0.182148, 0.000000, -0.314733, 0.014330, 0.000017, 0.018843
100.000000, 2, -0.182148, 0.000000, -0.197537, 0.034416, 0.000163, 0.018843
100.000000, 3, -0.182148, 0.000000, -0.120359, 0.063600, 0.000373, 0.018843
100.000000, 4, -0.182148, 0.000000, -0.069535, 0.094086, 0.000636, 0.018843
100.000000, 5, -0.182148, 0.000000, -0.036065, 0.116467, 0.004117, 0.018843
100.000000, 6, -0.182148, 0.000000, -0.014024, 0.132757, 0.012138, 0.018843
100.000000, 7, -0.182148, 0.000000, 0.000491, 0.148489, 0.016207, 0.018843
100.000000, 8, -0.182148, 0.000000, 0.010049, 0.163943, 0.011242, 0.018843
100.000000, 9, -0.182148, 0.000000, 0.016344, 0.176222, 0.003484, 0.018843
100.000000, 0, -0.175974, 0.000000, -0.492722, 0.003506, 0.000094, 0.018707
100.000000, 1, -0.175974, 0.000000, -0.314796, 0.014293, 0.000696, 0.018707
100.000000, 2, -0.175974, 0.000000, -0.197626, 0.034346, 0.001891, 0.018707
100.000000, 3, -0.175974, 0.000000, -0.120465, 0.063295, 0.003470, 0.018707
100.000000, 4, -0.175974, 0.000000, -0.069652, 0.093491, 0.005044, 0.018707
100.000000, 5, -0.175974, 0.000000, -0.036190, 0.115682, 0.010094, 0.018707
100.000000, 6, -0.175974, 0.000000, -0.014154, 0.132136, 0.020114, 0.018707
100.000000, 7, -0.175974, 0.000000, 0.000358, 0.147982, 0.025309, 0.018707
100.000000, 8, -0.175974, 0.000000, 0.009915, 0.163205, 0.019987, 0.018707
100.000000, 9, -0.175974, 0.000000, 0.016208, 0.175065, 0.011589, 0.018707
100.000000, 0, -0.169799, 0.000000, -0.492754, 0.003491, 0.000236, 0.018518
100.000000, 1, -0.169799, 0.000000, -0.314883, 0.014219, 0.001370, 0.018518
100.000000, 2, -0.169799, 0.000000, -0.197749, 0.034190, 0.003612, 0.018518
100.000000, 3, -0.169799, 0.000000, -0.120612, 0.062805, 0.006533, 0.018518
100.000000, 4, -0.169799, 0.000000, -0.069814, 0.092598, 0.009364, 0.018518
100.000000, 5, -0.169799, 0.000000, -0.036362, 0.114574, 0.016047, 0.018518
100.000000, 6, -0.169799, 0.000000, -0.014332, 0.131212, 0.028158, 0.018518
100.000000, 7, -0.169799, 0.000000, 0.000175, 0.147086, 0.034344, 0.018518
100.000000, 8, -0.169799, 0.000000, 0.009728, 0.161953, 0.028438, 0.018518
100.000000, 9, -0.169799, 0.000000, 0.016020, 0.173339, 0.019359, 0.018518
100.000000, 0, -0.163625, 0.000000, -0.492796, 0.003468, 0.000378, 0.018278
100.000000, 1, -0.163625, 0.000000, -0.314994, 0.014108, 0.002037, 0.018278
100.000000, 2, -0.163625, 0.000000, -0.197905, 0.033948, 0.005319, 0.018278
100.000000, 3, -0.163625, 0.000000, -0.120798, 0.062127, 0.009545, 0.018278
100.000000, 4, -0.163625, 0.000000, -0.070020, 0.091415, 0.013580, 0.018278
100.000000, 5, -0.163625, 0.000000, -0.036581, 0.113178, 0.021979, 0.018278
100.000000, 6, -0.163625, 0.000000, -0.014560, 0.130013, 0.036254, 0.018278
100.000000, 7, -0.163625, 0.000000, -0.000058, 0.145795, 0.043230, 0.018278
100.000000, 8, -0.163625, 0.000000, 0.009492, 0.160164, 0.036510, 0.018278
100.000000, 9, -0.163625, 0.000000, 0.015781, 0.171034, 0.026800, 0.018278
100.000000, 0, -0.157450, 0.000000, -0.492846, 0.003437, 0.000520, 0.017988
100.000000, 1, -0.157450, 0.000000, -0.315128, 0.013963, 0.002695, 0.017988
100.000000, 2, -0.157450, 0.000000, -0.198094, 0.033619, 0.007007, 0.017988
100.000000, 3, -0.157450, 0.000000, -0.121022, 0.061261, 0.012491, 0.017988
100.000000, 4, -0.157450, 0.000000, -0.070268, 0.089955, 0.017682, 0.017988
100.000000, 5, -0.157450, 0.000000, -0.036845, 0.111535, 0.027901, 0.017988
100.000000, 6, -0.157450, 0.000000, -0.014834, 0.128565, 0.044378, 0.017988
100.000000, 7, -0.157450, 0.000000, -0.000339, 0.144106, 0.051873, 0.017988
100.000000, 8, -0.157450, 0.000000, 0.009206, 0.157823, 0.044126, 0.017988
100.000000, 9, -0.157450, 0.000000, 0.015492, 0.168153, 0.033928, 0.017988
100.000000, 0, -0.151276, 0.000000, -0.492905, 0.003398, 0.000660, 0.017651
100.000000, 1, -0.151276, 0.000000, -0.315283, 0.013782, 0.003343, 0.017651
100.000000, 2, -0.151276, 0.000000, -0.198313, 0.033205, 0.008672, 0.017651
100.000000, 3, -0.151276, 0.000000, -0.121284, 0.060211, 0.015357, 0.017651
100.000000, 4, -0.151276, 0.000000, -0.070557, 0.088232, 0.021660, 0.017651
100.000000, 5, -0.151276, 0.000000, -0.037152, 0.109683, 0.033824, 0.017651
100.000000, 6, -0.151276, 0.000000, -0.015153, 0.126889, 0.052495, 0.017651
100.000000, 7, -0.151276, 0.000000, -0.000666, 0.142000, 0.060166, 0.017651
100.000000, 8, -0.151276, 0.000000, 0.008874, 0.154913, 0.051225, 0.017651
100.000000, 9, -0.151276, 0.000000, 0.015156, 0.164710, 0.040779, 0.017651
100.000000, 0, -0.145101, 0.000000, -0.492971, 0.003351, 0.000799, 0.017269
100.000000, 1, -0.145101, 0.000000, -0.315459, 0.013567, 0.003978, 0.017269
100.000000, 2, -0.145101, 0.000000, -0.198562, 0.032708, 0.010310, 0.017269
100.000000, 3, -0.145101, 0.000000, -0.121580, 0.058979, 0.018129, 0.017269
100.000000, 4, -0.145101, 0.000000, -0.070885, 0.086272, 0.025515, 0.017269
100.000000, 5, -0.145101, 0.000000, -0.037500, 0.107666, 0.039765, 0.017269
100.000000, 6, -0.145101, 0.000000, -0.015515, 0.124987, 0.060547, 0.017269
100.000000, 7, -0.145101, 0.000000, -0.001037, 0.139440, 0.067996, 0.017269
100.000000, 8, -0.145101, 0.000000, 0.008497, 0.151408, 0.057769, 0.017269
100.000000, 9, -0.145101, 0.000000, 0.014776, 0.160724, 0.047420, 0.017269
100.000000, 0, -0.138927, 0.000000, -0.493045, 0.003297, 0.000937, 0.016843
100.000000, 1, -0.138927, 0.000000, -0.315655, 0.013320, 0.004599, 0.016843
100.000000, 2, -0.138927, 0.000000, -0.198838, 0.032129, 0.011914, 0.016843
100.000000, 3, -0.138927, 0.000000, -0.121910, 0.057566, 0.020793, 0.016843
100.000000, 4, -0.138927, 0.000000, -0.071250, 0.084100, 0.029254, 0.016843
100.000000, 5, -0.138927, 0.000000, -0.037888, 0.105523, 0.045734, 0.016843
100.000000, 6, -0.138927, 0.000000, -0.015918, 0.122853, 0.068457, 0.016843
100.000000, 7, -0.138927, 0.000000, -0.001450, 0.136385, 0.075260, 0.016843
100.000000, 8, -0.138927, 0.000000, 0.008078, 0.147304, 0.063765, 0.016843
100.000000, 9, -0.138927, 0.000000, 0.014352, 0.156228, 0.053939, 0.016843
100.000000, 0, -0.132752, 0.000000, -0.493125, 0.003235, 0.001074, 0.016377
100.000000, 1, -0.132752, 0.000000, -0.315870, 0.013039, 0.005202, 0.016377
100.000000, 2, -0.132752, 0.000000, -0.199141, 0.031470, 0.013482, 0.016377
100.000000, 3, -0.132752, 0.000000, -0.122271, 0.055965, 0.023334, 0.016377
100.000000, 4, -0.132752, 0.000000, -0.071649, 0.081759, 0.032893, 0.016377
100.000000, 5, -0.132752, 0.000000, -0.038312, 0.103312, 0.051735, 0.016377
100.000000, 6, -0.132752, 0.000000, -0.016359, 0.120475, 0.076122, 0.016377
100.000000, 7, -0.132752, 0.000000, -0.001902, 0.132794, 0.081871, 0.016377
100.000000, 8, -0.132752, 0.000000, 0.007618, 0.142613, 0.069255, 0.016377
100.000000, 9, -0.132752, 0.000000, 0.013888, 0.151262, 0.060415, 0.016377
100.000000, 0, -0.126578, 0.000000, -0.493213, 0.003166, 0.001208, 0.015874
100.000000, 1, -0.126578, 0.000000, -0.316102, 0.012728, 0.005790, 0.015874
100.000000, 2, -0.126578, 0.000000, -0.199469, 0.030735, 0.015005, 0.015874
100.000000, 3, -0.126578, 0.000000, -0.122661, 0.054213, 0.025738, 0.015874
100.000000, 4, -0.126578, 0.000000, -0.072080, 0.079268, 0.036469, 0.015874
100.000000, 5, -0.126578, 0.000000, -0.038771, 0.100961, 0.057755, 0.015874
100.000000, 6, -0.126578, 0.000000, -0.016836, 0.117761, 0.083402, 0.015874
100.000000, 7, -0.126578, 0.000000, -0.002391, 0.128649, 0.087769, 0.015874
100.000000, 8, -0.126578, 0.000000, 0.007122, 0.137395, 0.074324, 0.015874
100.000000, 9, -0.126578, 0.000000, 0.013386, 0.145894, 0.066909, 0.015874
100.000000, 0, -0.120403, 0.000000, -0.493307, 0.003089, 0.001341, 0.015333
100.000000, 1, -0.120403, 0.000000, -0.316352, 0.012387, 0.006360, 0.015333
100.000000, 2, -0.120403, 0.000000, -0.199820, 0.029922, 0.016480, 0.015333
100.000000, 3, -0.120403, 0.000000, -0.123080, 0.052307, 0.027998, 0.015333
100.000000, 4, -0.120403, 0.000000, -0.072544, 0.076659, 0.039953, 0.015333
100.000000, 5, -0.120403, 0.000000, -0.039264, 0.098484, 0.063727, 0.015333
100.000000, 6, -0.120403, 0.000000, -0.017348, 0.114680, 0.090243, 0.015333
100.000000, 7, -0.120403, 0.000000, -0.002916, 0.123982, 0.093013, 0.015333
100.000000, 8, -0.120403, 0.000000, 0.006589, 0.131746, 0.079105, 0.015333
100.000000, 9, -0.120403, 0.000000, 0.012848, 0.140201, 0.073433, 0.015333
100.000000, 0, -0.114229, 0.000000, -0.493406, 0.003005, 0.001469, 0.014761
100.000000, 1, -0.114229, 0.000000, -0.316615, 0.012017, 0.006914, 0.014761
100.000000, 2, -0.114229, 0.000000, -0.200192, 0.029035, 0.017897, 0.014761
100.000000, 3, -0.114229, 0.000000, -0.123524, 0.050265, 0.030112, 0.014761
100.000000, 4, -0.114229, 0.000000, -0.073035, 0.073966, 0.043398, 0.014761
100.000000, 5, -0.114229, 0.000000, -0.039786, 0.095864, 0.069629, 0.014761
100.000000, 6, -0.114229, 0.000000, -0.017890, 0.111189, 0.096511, 0.014761
100.000000, 7, -0.114229, 0.000000, -0.003471, 0.118828, 0.097544, 0.014761
100.000000, 8, -0.114229, 0.000000, 0.006025, 0.125743, 0.083637, 0.014761
100.000000, 9, -0.114229, 0.000000, 0.012278, 0.134231, 0.079973, 0.014761
100.000000, 0, -0.108054, 0.000000, -0.493510, 0.002914, 0.001593, 0.014157
100.000000, 1, -0.108054, 0.000000, -0.316894, 0.011621, 0.007450, 0.014157
100.000000, 2, -0.108054, 0.000000, -0.200585, 0.028072, 0.019253, 0.014157
100.000000, 3, -0.108054, 0.000000, -0.123991, 0.048117, 0.032086, 0.014157
100.000000, 4, -0.108054, 0.000000, -0.073552, 0.071203, 0.046792, 0.014157
100.000000, 5, -0.108054, 0.000000, -0.040335, 0.093044, 0.075395, 0.014157
100.000000, 6, -0.108054, 0.000000, -0.018461, 0.107259, 0.102177, 0.014157
100.000000, 7, -0.108054, 0.000000, -0.004056, 0.113222, 0.101450, 0.014157
100.000000, 8, -0.108054, 0.000000, 0.005430, 0.119430, 0.087993, 0.014157
100.000000, 9, -0.108054, 0.000000, 0.011677, 0.128008, 0.086463, 0.014157
100.000000, 0, -0.101879, 0.000000, -0.493620, 0.002815, 0.001708, 0.013525
100.000000, 1, -0.101879, 0.000000, -0.317185, 0.011202, 0.007970, 0.013525
100.000000, 2, -0.101879, 0.000000, -0.200996, 0.027035, 0.020537, 0.013525
100.000000, 3, -0.101879, 0.000000, -0.124481, 0.045854, 0.033922, 0.013525
100.000000, 4, -0.101879, 0.000000, -0.074094, 0.068396, 0.050155, 0.013525
100.000000, 5, -0.101879, 0.000000, -0.040912, 0.090074, 0.080960, 0.013525
100.000000, 6, -0.101879, 0.000000, -0.019060, 0.102932, 0.107171, 0.013525
100.000000, 7, -0.101879, 0.000000, -0.004670, 0.107213, 0.104796, 0.013525
100.000000, 8, -0.101879, 0.000000, 0.004807, 0.112850, 0.092238, 0.013525
100.000000, 9, -0.101879, 0.000000, 0.011047, 0.121564, 0.092892, 0.013525
100.000000, 0, -0.095705, 0.000000, -0.493734, 0.002709, 0.001815, 0.012867
100.000000, 1, -0.095705, 0.000000, -0.317489, 0.010759, 0.008475, 0.012867
100.000000, 2, -0.095705, 0.000000, -0.201424, 0.025923, 0.021741, 0.012867
100.000000, 3, -0.095705, 0.000000, -0.124992, 0.043508, 0.035631, 0.012867
100.000000, 4, -0.095705, 0.000000, -0.074658, 0.065559, 0.053486, 0.012867
100.000000, 5, -0.095705, 0.000000, -0.041512, 0.086902, 0.086248, 0.012867
100.000000, 6, -0.095705, 0.000000, -0.019683, 0.098184, 0.111471, 0.012867
100.000000, 7, -0.095705, 0.000000, -0.005309, 0.100855, 0.107664, 0.012867
100.000000, 8, -0.095705, 0.000000, 0.004158, 0.106067, 0.096408, 0.012867
100.000000, 9, -0.095705, 0.000000, 0.010391, 0.114933, 0.099220, 0.012867
100.000000, 0, -0.089530, 0.000000, -0.493853, 0.002596, 0.001912, 0.012184
100.000000, 1, -0.089530, 0.000000, -0.317803, 0.010296, 0.008966, 0.012184
100.000000, 2, -0.089530, 0.000000, -0.201868, 0.024738, 0.022857, 0.012184
100.000000, 3, -0.089530, 0.000000, -0.125521, 0.041100, 0.037223, 0.012184
100.000000, 4, -0.089530, 0.000000, -0.075243, 0.062695, 0.056783, 0.012184
100.000000, 5, -0.089530, 0.000000, -0.042134, 0.083502, 0.091192, 0.012184
100.000000, 6, -0.089530, 0.000000, -0.020330, 0.093032, 0.115075, 0.012184
100.000000, 7, -0.089530, 0.000000, -0.005971, 0.094211, 0.110132, 0.012184
100.000000, 8, -0.089530, 0.000000, 0.003485, 0.099134, 0.100531, 0.012184
100.000000, 9, -0.089530, 0.000000, 0.009712, 0.108145, 0.105399, 0.012184
100.000000, 0, -0.083356, 0.000000, -0.493975, 0.002477, 0.001997, 0.011480
100.000000, 1, -0.083356, 0.000000, -0.318128, 0.009813, 0.009443, 0.011480
100.000000, 2, -0.083356, 0.000000, -0.202326, 0.023483, 0.023878, 0.011480
100.000000, 3, -0.083356, 0.000000, -0.126067, 0.038653, 0.038712, 0.011480
100.000000, 4, -0.083356, 0.000000, -0.075847, 0.059801, 0.060032, 0.011480
100.000000, 5, -0.083356, 0.000000, -0.042775, 0.079848, 0.095724, 0.011480
100.000000, 6, -0.083356, 0.000000, -0.020997, 0.087502, 0.118001, 0.011480
100.000000, 7, -0.083356, 0.000000, -0.006654, 0.087348, 0.112283, 0.011480
100.000000, 8, -0.083356, 0.000000, 0.002790, 0.092100, 0.104619, 0.011480
100.000000, 9, -0.083356, 0.000000, 0.009010, 0.101225, 0.111371, 0.011480
100.000000, 0, -0.077181, 0.000000, -0.494100, 0.002351, 0.002070, 0.010756
100.000000, 1, -0.077181, 0.000000, -0.318462, 0.009313, 0.009905, 0.010756
100.000000, 2, -0.077181, 0.000000, -0.202797, 0.022161, 0.024798, 0.010756
100.000000, 3, -0.077181, 0.000000, -0.126628, 0.036186, 0.040114, 0.010756
100.000000, 4, -0.077181, 0.000000, -0.076468, 0.056867, 0.063210, 0.010756
100.000000, 5, -0.077181, 0.000000, -0.043435, 0.075922, 0.099790, 0.010756
100.000000, 6, -0.077181, 0.000000, -0.021682, 0.081635, 0.120293, 0.010756
100.000000, 7, -0.077181, 0.000000, -0.007357, 0.080333, 0.114197, 0.010756
100.000000, 8, -0.077181, 0.000000, 0.002077, 0.085007, 0.108667, 0.010756
100.000000, 9, -0.077181, 0.000000, 0.008289, 0.094194, 0.117073, 0.010756
100.000000, 0, -0.071007, 0.000000, -0.494229, 0.002220, 0.002133, 0.010014
100.000000, 1, -0.071007, 0.000000, -0.318803, 0.008793, 0.010350, 0.010014
100.000000, 2, -0.071007, 0.000000, -0.203279, 0.020778, 0.025617, 0.010014
100.000000, 3, -0.071007, 0.000000, -0.127203, 0.033717, 0.041441, 0.010014
100.000000, 4, -0.071007, 0.000000, -0.077103, 0.053877, 0.066288, 0.010014
100.000000, 5, -0.071007, 0.000000, -0.044111, 0.071712, 0.103346, 0.010014
100.000000, 6, -0.071007, 0.000000, -0.022384, 0.075482, 0.122012, 0.010014
100.000000, 7, -0.071007, 0.000000, -0.008077, 0.073231, 0.115944, 0.010014
100.000000, 8, -0.071007, 0.000000, 0.001346, 0.077890, 0.112653, 0.010014
100.000000, 9, -0.071007, 0.000000, 0.007550, 0.087068, 0.122440, 0.010014
100.000000, 0, -0.064832, 0.000000, -0.494360, 0.002083, 0.002185, 0.009257
100.000000, 1, -0.064832, 0.000000, -0.319152, 0.008257, 0.010776, 0.009257
100.000000, 2, -0.064832, 0.000000, -0.203772, 0.019343, 0.026332, 0.009257
100.000000, 3, -0.064832, 0.000000, -0.127789, 0.031257, 0.042705, 0.009257
100.000000, 4, -0.064832, 0.000000, -0.077752, 0.050817, 0.069233, 0.009257
100.000000, 5, -0.064832, 0.000000, -0.044801, 0.067223, 0.106364, 0.009257
100.000000, 6, -0.064832, 0.000000, -0.023101, 0.069104, 0.123222, 0.009257
100.000000, 7, -0.064832, 0.000000, -0.008811, 0.066100, 0.117578, 0.009257
100.000000, 8, -0.064832, 0.000000, 0.000599, 0.070772, 0.116542, 0.009257
100.000000, 9, -0.064832, 0.000000, 0.006796, 0.079861, 0.127419, 0.009257
100.000000, 0, -0.058658, 0.000000, -0.494494, 0.001942, 0.002229, 0.008487
100.000000, 1, -0.058658, 0.000000, -0.319507, 0.007702, 0.011179, 0.008487
100.000000, 2, -0.058658, 0.000000, -0.204273, 0.017862, 0.026947, 0.008487
100.000000, 3, -0.058658, 0.000000, -0.128386, 0.028817, 0.043913, 0.008487
100.000000, 4, -0.058658, 0.000000, -0.078412, 0.047670, 0.072008, 0.008487
100.000000, 5, -0.058658, 0.000000, -0.045503, 0.062466, 0.108836, 0.008487
100.000000, 6, -0.058658, 0.000000, -0.023831, 0.062564, 0.123998, 0.008487
100.000000, 7, -0.058658, 0.000000, -0.009559, 0.058986, 0.119138, 0.008487
100.000000, 8, -0.058658, 0.000000, -0.000160, 0.063670, 0.120287, 0.008487
100.000000, 9, -0.058658, 0.000000, 0.006029, 0.072589, 0.131961, 0.008487
100.000000, 0, -0.052483, 0.000000, -0.494629, 0.001797, 0.002267, 0.007705
100.000000, 1, -0.052483, 0.000000, -0.319868, 0.007131, 0.011555, 0.007705
100.000000, 2, -0.052483, 0.000000, -0.204781, 0.016347, 0.027467, 0.007705
100.000000, 3, -0.052483, 0.000000, -0.128992, 0.026399, 0.045068, 0.007705
100.000000, 4, -0.052483, 0.000000, -0.079082, 0.044422, 0.074578, 0.007705
100.000000, 5, -0.052483, 0.000000, -0.046215, 0.057470, 0.110765, 0.007705
100.000000, 6, -0.052483, 0.000000, -0.024570, 0.055924, 0.124415, 0.007705
100.000000, 7, -0.052483, 0.000000, -0.010317, 0.051925, 0.120642, 0.007705
100.000000, 8, -0.052483, 0.000000, -0.000930, 0.056593, 0.123839, 0.007705
100.000000, 9, -0.052483, 0.000000, 0.005251, 0.065262, 0.136033, 0.007705
100.000000, 0, -0.046309, 0.000000, -0.494766, 0.001648, 0.002302, 0.006915
100.000000, 1, -0.046309, 0.000000, -0.320232, 0.006542, 0.011898, 0.006915
100.000000, 2, -0.046309, 0.000000, -0.205295, 0.014806, 0.027897, 0.006915
100.000000, 3, -0.046309, 0.000000, -0.129605, 0.024002, 0.046170, 0.006915
100.000000, 4, -0.046309, 0.000000, -0.079760, 0.041062, 0.076908, 0.006915
100.000000, 5, -0.046309, 0.000000, -0.046935, 0.052264, 0.112172, 0.006915
100.000000, 6, -0.046309, 0.000000, -0.025319, 0.049243, 0.124540, 0.006915
100.000000, 7, -0.046309, 0.000000, -0.011084, 0.044943, 0.122091, 0.006915
100.000000, 8, -0.046309, 0.000000, -0.001709, 0.049545, 0.127145, 0.006915
100.000000, 9, -0.046309, 0.000000, 0.004464, 0.057893, 0.139609, 0.006915
100.000000, 0, -0.040134, 0.000000, -0.494904, 0.001496, 0.002334, 0.006118
100.000000, 1, -0.040134, 0.000000, -0.320600, 0.005936, 0.012205, 0.006118
100.000000, 2, -0.040134, 0.000000, -0.205813, 0.013250, 0.028245, 0.006118
100.000000, 3, -0.040134, 0.000000, -0.130223, 0.021624, 0.047214, 0.006118
100.000000, 4, -0.040134, 0.000000, -0.080443, 0.037586, 0.078968, 0.006118
100.000000, 5, -0.040134, 0.000000, -0.047662, 0.046892, 0.113088, 0.006118
100.000000, 6, -0.040134, 0.000000, -0.026074, 0.042571, 0.124435, 0.006118
100.000000, 7, -0.040134, 0.000000, -0.011857, 0.038057, 0.123470, 0.006118
100.000000, 8, -0.040134, 0.000000, -0.002495, 0.042530, 0.130154, 0.006118
100.000000, 9, -0.040134, 0.000000, 0.003670, 0.050495, 0.142672, 0.006118
100.000000, 0, -0.033960, 0.000000, -0.495044, 0.001341, 0.002367, 0.005315
100.000000, 1, -0.033960, 0.000000, -0.320970, 0.005315, 0.012472, 0.005315
100.000000, 2, -0.033960, 0.000000, -0.206335, 0.011688, 0.028518, 0.005315
100.000000, 3, -0.033960, 0.000000, -0.130845, 0.019258, 0.048194, 0.005315
100.000000, 4, -0.033960, 0.000000, -0.081131, 0.033994, 0.080733, 0.005315
100.000000, 5, -0.033960, 0.000000, -0.048393, 0.041397, 0.113554, 0.005315
100.000000, 6, -0.033960, 0.000000, -0.026834, 0.035952, 0.124144, 0.005315
100.000000, 7, -0.033960, 0.000000, -0.012636, 0.031277, 0.124756, 0.005315
100.000000, 8, -0.033960, 0.000000, -0.003287, 0.035549, 0.132823, 0.005315
100.000000, 9, -0.033960, 0.000000, 0.002870, 0.043083, 0.145221, 0.005315
100.000000, 0, -0.027785, 0.000000, -0.495183, 0.001184, 0.002401, 0.004509
100.000000, 1, -0.027785, 0.000000, -0.321341, 0.004678, 0.012695, 0.004509
100.000000, 2, -0.027785, 0.000000, -0.206860, 0.010129, 0.028724, 0.004509
100.000000, 3, -0.027785, 0.000000, -0.131469, 0.016898, 0.049099, 0.004509
100.000000, 4, -0.027785, 0.000000, -0.081822, 0.030292, 0.082189, 0.004509
100.000000, 5, -0.027785, 0.000000, -0.049128, 0.035824, 0.113618, 0.004509
100.000000, 6, -0.027785, 0.000000, -0.027597, 0.029417, 0.123708, 0.004509
100.000000, 7, -0.027785, 0.000000, -0.013418, 0.024602, 0.125918, 0.004509
100.000000, 8, -0.027785, 0.000000, -0.004081, 0.028602, 0.135117, 0.004509
100.000000, 9, -0.027785, 0.000000, 0.002068, 0.035670, 0.147260, 0.004509
100.000000, 0, -0.021611, 0.000000, -0.495323, 0.001025, 0.002437, 0.003702
100.000000, 1, -0.021611, 0.000000, -0.321713, 0.004029, 0.012872, 0.003702
100.000000, 2, -0.021611, 0.000000, -0.207385, 0.008580, 0.028870, 0.003702
100.000000, 3, -0.021611, 0.000000, -0.132095, 0.014536, 0.049917, 0.003702
100.000000, 4, -0.021611, 0.000000, -0.082514, 0.026490, 0.083326, 0.003702
100.000000, 5, -0.021611, 0.000000, -0.049863, 0.030216, 0.113327, 0.003702
100.000000, 6, -0.021611, 0.000000, -0.028362, 0.022995, 0.123150, 0.003702
100.000000, 7, -0.021611, 0.000000, -0.014202, 0.018038, 0.126920, 0.003702
100.000000, 8, -0.021611, 0.000000, -0.004877, 0.021688, 0.137012, 0.003702
100.000000, 9, -0.021611, 0.000000, 0.001263, 0.028268, 0.148792, 0.003702
100.000000, 0, -0.015436, 0.000000, -0.495463, 0.000865, 0.002475, 0.002894
100.000000, 1, -0.015436, 0.000000, -0.322085, 0.003367, 0.013004, 0.002894
100.000000, 2, -0.015436, 0.000000, -0.207910, 0.007049, 0.028961, 0.002894
100.000000, 3, -0.015436, 0.000000, -0.132721, 0.012167, 0.050638, 0.002894
100.000000, 4, -0.015436, 0.000000, -0.083206, 0.022600, 0.084144, 0.002894
100.000000, 5, -0.015436, 0.000000, -0.050599, 0.024609, 0.112728, 0.002894
100.000000, 6, -0.015436, 0.000000, -0.029126, 0.016708, 0.122493, 0.002894
100.000000, 7, -0.015436, 0.000000, -0.014985, 0.011585, 0.127734, 0.002894
100.000000, 8, -0.015436, 0.000000, -0.005673, 0.014815, 0.138489, 0.002894
100.000000, 9, -0.015436, 0.000000, 0.000459, 0.020888, 0.149829, 0.002894
100.000000, 0, -0.009262, 0.000000, -0.495603, 0.000703, 0.002515, 0.002089
100.000000, 1, -0.009262, 0.000000, -0.322457, 0.002696, 0.013088, 0.002089
100.000000, 2, -0.009262, 0.000000, -0.208433, 0.005538, 0.029003, 0.002089
100.000000, 3, -0.009262, 0.000000, -0.133345, 0.009786, 0.051247, 0.002089
100.000000, 4, -0.009262, 0.000000, -0.083897, 0.018639, 0.084645, 0.002089
100.000000, 5, -0.009262, 0.000000, -0.051333, 0.019045, 0.111868, 0.002089
100.000000, 6, -0.009262, 0.000000, -0.029889, 0.010573, 0.121743, 0.002089
100.000000, 7, -0.009262, 0.000000, -0.015767, 0.005244, 0.128330, 0.002089
100.000000, 8, -0.009262, 0.000000, -0.006467, 0.007989, 0.139535, 0.002089
100.000000, 9, -0.009262, 0.000000, -0.000343, 0.013548, 0.150387, 0.002089
100.000000, 0, -0.003087, 0.000000, -0.495742, 0.000540, 0.002557, 0.001287
100.000000, 1, -0.003087, 0.000000, -0.322826, 0.002019, 0.013127, 0.001287
100.000000, 2, -0.003087, 0.000000, -0.208955, 0.004051, 0.028998, 0.001287
100.000000, 3, -0.003087, 0.000000, -0.133967, 0.007395, 0.051731, 0.001287
100.000000, 4, -0.003087, 0.000000, -0.084584, 0.014621, 0.084839, 0.001287
100.000000, 5, -0.003087, 0.000000, -0.052064, 0.013542, 0.110789, 0.001287
100.000000, 6, -0.003087, 0.000000, -0.030648, 0.004600, 0.120904, 0.001287
100.000000, 7, -0.003087, 0.000000, -0.016545, -0.000984, 0.128683, 0.001287
100.000000, 8, -0.003087, 0.000000, -0.007257, 0.001220, 0.140148, 0.001287
100.000000, 9, -0.003087, 0.000000, -0.001141, 0.006263, 0.150484, 0.001287
100.000000, 0, 0.003087, 0.000000, -0.495880, 0.000375, 0.002600, 0.000491
100.000000, 1, 0.003087, 0.000000, -0.323193, 0.001341, 0.013122, 0.000491
100.000000, 2, 0.003087, 0.000000, -0.209473, 0.002582, 0.028952, 0.000491
100.000000, 3, 0.003087, 0.000000, -0.134584, 0.004972, 0.052079, 0.000491
100.000000, 4, 0.003087, 0.000000, -0.085267, 0.010593, 0.084733, 0.000491
100.000000, 5, 0.003087, 0.000000, -0.052789, 0.008169, 0.109530, 0.000491
100.000000, 6, 0.003087, 0.000000, -0.031402, -0.001207, 0.119978, 0.000491
100.000000, 7, 0.003087, 0.000000, -0.017318, -0.007111, 0.128766, 0.000491
100.000000, 8, 0.003087, 0.000000, -0.008043, -0.005482, 0.140322, 0.000491
100.000000, 9, 0.003087, 0.000000, -0.001935, -0.000933, 0.150138, 0.000491
100.000000, 0, 0.009262, 0.000000, -0.496017, 0.000209, 0.002642, -0.000299
100.000000, 1, 0.009262, 0.000000, -0.323557, 0.000664, 0.013077, -0.000299
100.000000, 2, 0.009262, 0.000000, -0.209987, 0.001132, 0.028856, -0.000299
100.000000, 3, 0.009262, 0.000000, -0.135196, 0.002532, 0.052285, -0.000299
100.000000, 4, 0.009262, 0.000000, -0.085944, 0.006571, 0.084360, -0.000299
100.000000, 5, 0.009262, 0.000000, -0.053509, 0.002924, 0.108101, -0.000299
100.000000, 6, 0.009262, 0.000000, -0.032150, -0.006865, 0.118927, -0.000299
100.000000, 7, 0.009262, 0.000000, -0.018084, -0.013142, 0.128559, -0.000299
100.000000, 8, 0.009262, 0.000000, -0.008821, -0.012107, 0.140088, -0.000299
100.000000, 9, 0.009262, 0.000000, -0.002721, -0.008034, 0.149416, -0.000299
100.000000, 0, 0.015436, 0.000000, -0.496153, 0.000042, 0.002680, -0.001081
100.000000, 1, 0.015436, 0.000000, -0.323918, -0.000009, 0.012993, -0.001081
100.000000, 2, 0.015436, 0.000000, -0.210495, -0.000298, 0.028718, -0.001081
100.000000, 3, 0.015436, 0.000000, -0.135802, 0.000078, 0.052346, -0.001081
100.000000, 4, 0.015436, 0.000000, -0.086614, 0.002580, 0.083724, -0.001081
100.000000, 5, 0.015436, 0.000000, -0.054221, -0.002183, 0.106534, -0.001081
100.000000, 6, 0.015436, 0.000000, -0.032890, -0.012383, 0.117755, -0.001081
100.000000, 7, 0.015436, 0.000000, -0.018842, -0.019075, 0.128043, -0.001081
100.000000, 8, 0.015436, 0.000000, -0.009592, -0.018638, 0.139437, -0.001081
100.000000, 9, 0.015436, 0.000000, -0.003500, -0.015017, 0.148302, -0.001081
100.000000, 0, 0.021611, 0.000000, -0.496286, -0.000127, 0.002713, -0.001853
100.000000, 1, 0.021611, 0.000000, -0.324274, -0.000674, 0.012873, -0.001853
100.000000, 2, 0.021611, 0.000000, -0.210997, -0.001713, 0.028527, -0.001853
100.000000, 3, 0.021611, 0.000000, -0.136400, -0.002392, 0.052263, -0.001853
100.000000, 4, 0.021611, 0.000000, -0.087275, -0.001351, 0.082869, -0.001853
100.000000, 5, 0.021611, 0.000000, -0.054925, -0.007130, 0.104828, -0.001853
100.000000, 6, 0.021611, 0.000000, -0.033621, -0.017760, 0.116424, -0.001853
100.000000, 7, 0.021611, 0.000000, -0.019592, -0.024908, 0.127215, -0.001853
100.000000, 8, 0.021611, 0.000000, -0.010353, -0.025055, 0.138417, -0.001853
100.000000, 9, 0.021611, 0.000000, -0.004268, -0.021856, 0.146855, -0.001853
100.000000, 0, 0.027785, 0.000000, -0.496418, -0.000295, 0.002740, -0.002614
100.000000, 1, 0.027785, 0.000000, -0.324625, -0.001333, 0.012720, -0.002614
100.000000, 2, 0.027785, 0.000000, -0.211492, -0.003105, 0.028288, -0.002614
100.000000, 3, 0.027785, 0.000000, -0.136990, -0.004846, 0.052035, -0.002614
100.000000, 4, 0.027785, 0.000000, -0.087928, -0.005233, 0.081805, -0.002614
100.000000, 5, 0.027785, 0.000000, -0.055619, -0.011957, 0.103000, -0.002614
100.000000, 6, 0.027785, 0.000000, -0.034342, -0.023005, 0.114931, -0.002614
100.000000, 7, 0.027785, 0.000000, -0.020330, -0.030622, 0.126079, -0.002614
100.000000, 8, 0.027785, 0.000000, -0.011103, -0.031340, 0.137038, -0.002614
100.000000, 9, 0.027785, 0.000000, -0.005027, -0.028544, 0.145080, -0.002614
100.000000, 0, 0.033960, 0.000000, -0.496548, -0.000464, 0.002759, -0.003363
100.000000, 1, 0.033960, 0.000000, -0.324970, -0.001982, 0.012535, -0.003363
100.000000, 2, 0.033960, 0.000000, -0.211979, -0.004474, 0.027999, -0.003363
100.000000, 3, 0.033960, 0.000000, -0.137571, -0.007287, 0.051662, -0.003363
100.000000, 4, 0.033960, 0.000000, -0.088570, -0.009043, 0.080552, -0.003363
100.000000, 5, 0.033960, 0.000000, -0.056302, -0.016644, 0.101057, -0.003363
100.000000, 6, 0.033960, 0.000000, -0.035051, -0.028116, 0.113269, -0.003363
100.000000, 7, 0.033960, 0.000000, -0.021057, -0.036212, 0.124648, -0.003363
100.000000, 8, 0.033960, 0.000000, -0.011842, -0.037481, 0.135330, -0.003363
100.000000, 9, 0.033960, 0.000000, -0.005773, -0.035065, 0.142999, -0.003363
100.000000, 0, 0.040134, 0.000000, -0.496676, -0.000632, 0.002769, -0.004100
100.000000, 1, 0.040134, 0.000000, -0.325310, -0.002620, 0.012320, -0.004100
100.000000, 2, 0.040134, 0.000000, -0.212459, -0.005821, 0.027657, -0.004100
100.000000, 3, 0.040134, 0.000000, -0.138142, -0.009706, 0.051148, -0.004100
100.000000, 4, 0.040134, 0.000000, -0.089202, -0.012775, 0.079125, -0.004100
100.000000, 5, 0.040134, 0.000000, -0.056973, -0.021192, 0.099000, -0.004100
100.000000, 6, 0.040134, 0.000000, -0.035749, -0.033091, 0.111433, -0.004100
100.000000, 7, 0.040134, 0.000000, -0.021772, -0.041672, 0.122933, -0.004100
100.000000, 8, 0.040134, 0.000000, -0.012568, -0.043473, 0.133315, -0.004100
100.000000, 9, 0.040134, 0.000000, -0.006507, -0.041416, 0.140633, -0.004100
100.000000, 0, 0.046309, 0.000000, -0.496802, -0.000799, 0.002769, -0.004823
100.000000, 1, 0.046309, 0.000000, -0.325643, -0.003246, 0.012079, -0.004823
100.000000, 2, 0.046309, 0.000000, -0.212929, -0.007144, 0.027262, -0.004823
100.000000, 3, 0.046309, 0.000000, -0.138703, -0.012095, 0.050496, -0.004823
100.000000, 4, 0.046309, 0.000000, -0.089822, -0.016419, 0.077538, -0.004823
100.000000, 5, 0.046309, 0.000000, -0.057632, -0.025601, 0.096832, -0.004823
100.000000, 6, 0.046309, 0.000000, -0.036434, -0.037929, 0.109424, -0.004823
100.000000, 7, 0.046309, 0.000000, -0.022474, -0.046993, 0.120953, -0.004823
100.000000, 8, 0.046309, 0.000000, -0.013281, -0.049302, 0.131015, -0.004823
100.000000, 9, 0.046309, 0.000000, -0.007227, -0.047584, 0.138002, -0.004823
100.000000, 0, 0.052483, 0.000000, -0.496924, -0.000965, 0.002759, -0.005532
100.000000, 1, 0.052483, 0.000000, -0.325970, -0.003857, 0.011812, -0.005532
100.000000, 2, 0.052483, 0.000000, -0.213390, -0.008443, 0.026812, -0.005532
100.000000, 3, 0.052483, 0.000000, -0.139252, -0.014446, 0.049709, -0.005532
100.000000, 4, 0.052483, 0.000000, -0.090429, -0.019967, 0.075803, -0.005532
100.000000, 5, 0.052483, 0.000000, -0.058278, -0.029870, 0.094553, -0.005532
100.000000, 6, 0.052483, 0.000000, -0.037105, -0.042628, 0.107242, -0.005532
100.000000, 7, 0.052483, 0.000000, -0.023162, -0.052171, 0.118720, -0.005532
100.000000, 8, 0.052483, 0.000000, -0.013980, -0.054963, 0.128453, -0.005532
100.000000, 9, 0.052483, 0.000000, -0.007933, -0.053564, 0.135127, -0.005532
100.000000, 0, 0.058658, 0.000000, -0.497045, -0.001129, 0.002738, -0.006226
100.000000, 1, 0.058658, 0.000000, -0.326290, -0.004452, 0.011523, -0.006226
100.000000, 2, 0.058658, 0.000000, -0.213841, -0.009718, 0.026307, -0.006226
100.000000, 3, 0.058658, 0.000000, -0.139790, -0.016754, 0.048794, -0.006226
100.000000, 4, 0.058658, 0.000000, -0.091024, -0.023415, 0.073933, -0.006226
100.000000, 5, 0.058658, 0.000000, -0.058910, -0.033999, 0.092163, -0.006226
100.000000, 6, 0.058658, 0.000000, -0.037762, -0.047185, 0.104887, -0.006226
100.000000, 7, 0.058658, 0.000000, -0.023835, -0.057200, 0.116250, -0.006226
100.000000, 8, 0.058658, 0.000000, -0.014664, -0.060448, 0.125648, -0.006226
100.000000, 9, 0.058658, 0.000000, -0.008624, -0.059349, 0.132025, -0.006226
100.000000, 0, 0.064832, 0.000000, -0.497162, -0.001291, 0.002706, -0.006904
100.000000, 1, 0.064832, 0.000000, -0.326602, -0.005030, 0.011212, -0.006904
100.000000, 2, 0.064832, 0.000000, -0.214282, -0.010966, 0.025746, -0.006904
100.000000, 3, 0.064832, 0.000000, -0.140315, -0.019011, 0.047755, -0.006904
100.000000, 4, 0.064832, 0.000000, -0.091605, -0.026755, 0.071937, -0.006904
100.000000, 5, 0.064832, 0.000000, -0.059528, -0.037991, 0.089662, -0.006904
100.000000, 6, 0.064832, 0.000000, -0.038404, -0.051600, 0.102362, -0.006904
100.000000, 7, 0.064832, 0.000000, -0.024493, -0.062075, 0.113557, -0.006904
100.000000, 8, 0.064832, 0.000000, -0.015332, -0.065755, 0.122621, -0.006904
100.000000, 9, 0.064832, 0.000000, -0.009299, -0.064937, 0.128716, -0.006904
100.000000, 0, 0.071007, 0.000000, -0.497277, -0.001451, 0.002662, -0.007565
100.000000, 1, 0.071007, 0.000000, -0.326907, -0.005590, 0.010882, -0.007565
100.000000, 2, 0.071007, 0.000000, -0.214712, -0.012186, 0.025128, -0.007565
100.000000, 3, 0.071007, 0.000000, -0.140828, -0.021211, 0.046598, -0.007565
100.000000, 4, 0.071007, 0.000000, -0.092172, -0.029983, 0.069825, -0.007565
100.000000, 5, 0.071007, 0.000000, -0.060131, -0.041844, 0.087051, -0.007565
100.000000, 6, 0.071007, 0.000000, -0.039030, -0.055872, 0.099670, -0.007565
100.000000, 7, 0.071007, 0.000000, -0.025135, -0.066794, 0.110655, -0.007565
100.000000, 8, 0.071007, 0.000000, -0.015984, -0.070879, 0.119387, -0.007565
100.000000, 9, 0.071007, 0.000000, -0.009958, -0.070325, 0.125215, -0.007565
100.000000, 0, 0.077181, 0.000000, -0.497389, -0.001607, 0.002609, -0.008210
100.000000, 1, 0.077181, 0.000000, -0.327204, -0.006131, 0.010533, -0.008210
100.000000, 2, 0.077181, 0.000000, -0.215132, -0.013377, 0.024455, -0.008210
100.000000, 3, 0.077181, 0.000000, -0.141328, -0.023348, 0.045330, -0.008210
100.000000, 4, 0.077181, 0.000000, -0.092725, -0.033097, 0.067605, -0.008210
100.000000, 5, 0.077181, 0.000000, -0.060718, -0.045560, 0.084329, -0.008210
100.000000, 6, 0.077181, 0.000000, -0.039641, -0.060000, 0.096816, -0.008210
100.000000, 7, 0.077181, 0.000000, -0.025761, -0.071354, 0.107556, -0.008210
100.000000, 8, 0.077181, 0.000000, -0.016620, -0.075819, 0.115962, -0.008210
100.000000, 9, 0.077181, 0.000000, -0.010600, -0.075515, 0.121536, -0.008210
100.000000, 0, 0.083356, 0.000000, -0.497498, -0.001760, 0.002545, -0.008838
100.000000, 1, 0.083356, 0.000000, -0.327494, -0.006651, 0.010165, -0.008838
100.000000, 2, 0.083356, 0.000000, -0.215540, -0.014536, 0.023727, -0.008838
100.000000, 3, 0.083356, 0.000000, -0.141814, -0.025418, 0.043956, -0.008838
100.000000, 4, 0.083356, 0.000000, -0.093263, -0.036092, 0.065284, -0.008838
100.000000, 5, 0.083356, 0.000000, -0.061290, -0.049139, 0.081498, -0.008838
100.000000, 6, 0.083356, 0.000000, -0.040235, -0.063982, 0.093802, -0.008838
100.000000, 7, 0.083356, 0.000000, -0.026370, -0.075754, 0.104271, -0.008838
100.000000, 8, 0.083356, 0.000000, -0.017239, -0.080577, 0.112356, -0.008838
100.000000, 9, 0.083356, 0.000000, -0.011226, -0.080512, 0.117689, -0.008838
100.000000, 0, 0.089530, 0.000000, -0.497603, -0.001909, 0.002472, -0.009448
100.000000, 1, 0.089530, 0.000000, -0.327775, -0.007151, 0.009780, -0.009448
100.000000, 2, 0.089530, 0.000000, -0.215936, -0.015662, 0.022945, -0.009448
100.000000, 3, 0.089530, 0.000000, -0.142287, -0.027416, 0.042483, -0.009448
100.000000, 4, 0.089530, 0.000000, -0.093786, -0.038967, 0.062867, -0.009448
100.000000, 5, 0.089530, 0.000000, -0.061846, -0.052578, 0.078561, -0.009448
100.000000, 6, 0.089530, 0.000000, -0.040813, -0.067818, 0.090635, -0.009448
100.000000, 7, 0.089530, 0.000000, -0.026961, -0.079993, 0.100808, -0.009448
100.000000, 8, 0.089530, 0.000000, -0.017840, -0.085152, 0.108578, -0.009448
100.000000, 9, 0.089530, 0.000000, -0.011833, -0.085316, 0.113678, -0.009448
100.000000, 0, 0.095705, 0.000000, -0.497706, -0.002053, 0.002389, -0.010039
100.000000, 1, 0.095705, 0.000000, -0.328047, -0.007629, 0.009379, -0.010039
100.000000, 2, 0.095705, 0.000000, -0.216321, -0.016752, 0.022110, -0.010039
100.000000, 3, 0.095705, 0.000000, -0.142745, -0.029338, 0.040915, -0.010039
100.000000, 4, 0.095705, 0.000000, -0.094293, -0.041719, 0.060361, -0.010039
100.000000, 5, 0.095705, 0.000000, -0.062385, -0.055878, 0.075518, -0.010039
100.000000, 6, 0.095705, 0.000000, -0.041373, -0.071506, 0.087318, -0.010039
100.000000, 7, 0.095705, 0.000000, -0.027535, -0.084068, 0.097175, -0.010039
100.000000, 8, 0.095705, 0.000000, -0.018423, -0.089544, 0.104635, -0.010039
100.000000, 9, 0.095705, 0.000000, -0.012422, -0.089928, 0.109509, -0.010039
100.000000, 0, 0.101879, 0.000000, -0.497805, -0.002192, 0.002298, -0.010612
100.000000, 1, 0.101879, 0.000000, -0.328311, -0.008085, 0.008961, -0.010612
100.000000, 2, 0.101879, 0.000000, -0.216693, -0.017804, 0.021225, -0.010612
100.000000, 3, 0.101879, 0.000000, -0.143189, -0.031181, 0.039258, -0.010612
100.000000, 4, 0.101879, 0.000000, -0.094783, -0.044346, 0.057769, -0.010612
100.000000, 5, 0.101879, 0.000000, -0.062907, -0.059036, 0.072373, -0.010612
100.000000, 6, 0.101879, 0.000000, -0.041915, -0.075043, 0.083857, -0.010612
100.000000, 7, 0.101879, 0.000000, -0.028091, -0.087980, 0.093379, -0.010612
100.000000, 8, 0.101879, 0.000000, -0.018987, -0.093752, 0.100533, -0.010612
100.000000, 9, 0.101879, 0.000000, -0.012992, -0.094345, 0.105188, -0.010612
100.000000, 0, 0.108054, 0.000000, -0.497901, -0.002327, 0.002198, -0.011164
100.000000, 1, 0.108054, 0.000000, -0.328566, -0.008519, 0.008528, -0.011164
100.000000, 2, 0.108054, 0.000000, -0.217053, -0.018815, 0.020292, -0.011164
100.000000, 3, 0.108054, 0.000000, -0.143617, -0.032940, 0.037518, -0.011164
100.000000, 4, 0.108054, 0.000000, -0.095257, -0.046848, 0.055097, -0.011164
100.000000, 5, 0.108054, 0.000000, -0.063410, -0.062050, 0.069129, -0.011164
100.000000, 6, 0.108054, 0.000000, -0.042438, -0.078426, 0.080257, -0.011164
100.000000, 7, 0.108054, 0.000000, -0.028627, -0.091727, 0.089427, -0.011164
100.000000, 8, 0.108054, 0.000000, -0.019532, -0.097776, 0.096279, -0.011164
100.000000, 9, 0.108054, 0.000000, -0.013542, -0.098566, 0.100724, -0.011164
100.000000, 0, 0.114229, 0.000000, -0.497993, -0.002455, 0.002092, -0.011696
100.000000, 1, 0.114229, 0.000000, -0.328811, -0.008930, 0.008079, -0.011696
100.000000, 2, 0.114229, 0.000000, -0.217399, -0.019783, 0.019312, -0.011696
100.000000, 3, 0.114229, 0.000000, -0.144029, -0.034613, 0.035701, -0.011696
100.000000, 4, 0.114229, 0.000000, -0.095713, -0.049223, 0.052348, -0.011696
100.000000, 5, 0.114229, 0.000000, -0.063895, -0.064917, 0.065790, -0.011696
100.000000, 6, 0.114229, 0.000000, -0.042942, -0.081652, 0.076525, -0.011696
100.000000, 7, 0.114229, 0.000000, -0.029143, -0.095308, 0.085327, -0.011696
100.000000, 8, 0.114229, 0.000000, -0.020056, -0.101619, 0.091879, -0.011696
100.000000, 9, 0.114229, 0.000000, -0.014072, -0.102595, 0.096121, -0.011696
100.000000, 0, 0.120403, 0.000000, -0.498082, -0.002577, 0.001979, -0.012207
100.000000, 1, 0.120403, 0.000000, -0.329046, -0.009317, 0.007615, -0.012207
100.000000, 2, 0.120403, 0.000000, -0.217731, -0.020707, 0.018289, -0.012207
100.000000, 3, 0.120403, 0.000000, -0.144425, -0.036199, 0.033812, -0.012207
100.000000, 4, 0.120403, 0.000000, -0.096151, -0.051472, 0.049529, -0.012207
100.000000, 5, 0.120403, 0.000000, -0.064360, -0.067634, 0.062362, -0.012207
100.000000, 6, 0.120403, 0.000000, -0.043425, -0.084719, 0.072671, -0.012207
100.000000, 7, 0.120403, 0.000000, -0.029638, -0.098721, 0.081087, -0.012207
100.000000, 8, 0.120403, 0.000000, -0.020559, -0.105280, 0.087339, -0.012207
100.000000, 9, 0.120403, 0.000000, -0.014580, -0.106433, 0.091384, -0.012207
100.000000, 0, 0.126578, 0.000000, -0.498166, -0.002693, 0.001860, -0.012695
100.000000, 1, 0.126578, 0.000000, -0.329271, -0.009680, 0.007137, -0.012695
100.000000, 2, 0.126578, 0.000000, -0.218048, -0.021583, 0.017223, -0.012695
100.000000, 3, 0.126578, 0.000000, -0.144803, -0.037696, 0.031856, -0.012695
100.000000, 4, 0.126578, 0.000000, -0.096569, -0.053595, 0.046642, -0.012695
100.000000, 5, 0.126578, 0.000000, -0.064805, -0.070199, 0.058849, -0.012695
100.000000, 6, 0.126578, 0.000000, -0.043887, -0.087621, 0.068701, -0.012695
100.000000, 7, 0.126578, 0.000000, -0.030112, -0.101962, 0.076716, -0.012695
100.000000, 8, 0.126578, 0.000000, -0.021040, -0.108757, 0.082665, -0.012695
100.000000, 9, 0.126578, 0.000000, -0.015067, -0.110077, 0.086517, -0.012695
100.000000, 0, 0.132752, 0.000000, -0.498247, -0.002802, 0.001738, -0.013160
100.000000, 1, 0.132752, 0.000000, -0.329486, -0.010019, 0.006646, -0.013160
100.000000, 2, 0.132752, 0.000000, -0.218350, -0.022412, 0.016117, -0.013160
100.000000, 3, 0.132752, 0.000000, -0.145164, -0.039096, 0.029837, -0.013160
100.000000, 4, 0.132752, 0.000000, -0.096967, -0.055587, 0.043692, -0.013160
100.000000, 5, 0.132752, 0.000000, -0.065229, -0.072610, 0.055252, -0.013160
100.000000, 6, 0.132752, 0.000000, -0.044327, -0.090362, 0.064621, -0.013160
100.000000, 7, 0.132752, 0.000000, -0.030563, -0.105029, 0.072220, -0.013160
100.000000, 8, 0.132752, 0.000000, -0.021499, -0.112047, 0.077860, -0.013160
100.000000, 9, 0.132752, 0.000000, -0.015530, -0.113528, 0.081523, -0.013160
100.000000, 0, 0.138927, 0.000000, -0.498323, -0.002903, 0.001611, -0.013601
100.000000, 1, 0.138927, 0.000000, -0.329689, -0.010334, 0.006142, -0.013601
100.000000, 2, 0.138927, 0.000000, -0.218637, -0.023190, 0.014974, -0.013601
100.000000, 3, 0.138927, 0.000000, -0.145506, -0.040398, 0.027760, -0.013601
100.000000, 4, 0.138927, 0.000000, -0.097346, -0.057448, 0.040676, -0.013601
100.000000, 5, 0.138927, 0.000000, -0.065631, -0.074865, 0.051573, -0.013601
100.000000, 6, 0.138927, 0.000000, -0.044745, -0.092937, 0.060437, -0.013601
100.000000, 7, 0.138927, 0.000000, -0.030991, -0.107917, 0.067606, -0.013601
100.000000, 8, 0.138927, 0.000000, -0.021934, -0.115145, 0.072930, -0.013601
100.000000, 9, 0.138927, 0.000000, -0.015969, -0.116782, 0.076404, -0.013601
100.000000, 0, 0.145101, 0.000000, -0.498396, -0.002998, 0.001481, -0.014017
100.000000, 1, 0.145101, 0.000000, -0.329881, -0.010625, 0.005628, -0.014017
100.000000, 2, 0.145101, 0.000000, -0.218908, -0.023915, 0.013797, -0.014017
100.000000, 3, 0.145101, 0.000000, -0.145828, -0.041601, 0.025628, -0.014017
100.000000, 4, 0.145101, 0.000000, -0.097703, -0.059176, 0.037601, -0.014017
100.000000, 5, 0.145101, 0.000000, -0.066010, -0.076964, 0.047815, -0.014017
100.000000, 6, 0.145101, 0.000000, -0.045139, -0.095345, 0.056152, -0.014017
100.000000, 7, 0.145101, 0.000000, -0.031395, -0.110620, 0.062876, -0.014017
100.000000, 8, 0.145101, 0.000000, -0.022344, -0.118047, 0.067875, -0.014017
100.000000, 9, 0.145101, 0.000000, -0.016384, -0.119829, 0.071160, -0.014017
100.000000, 0, 0.151276, 0.000000, -0.498463, -0.003085, 0.001347, -0.014408
100.000000, 1, 0.151276, 0.000000, -0.330061, -0.010892, 0.005101, -0.014408
100.000000, 2, 0.151276, 0.000000, -0.219162, -0.024587, 0.012588, -0.014408
100.000000, 3, 0.151276, 0.000000, -0.146131, -0.042699, 0.023450, -0.014408
100.000000, 4, 0.151276, 0.000000, -0.098038, -0.060769, 0.034468, -0.014408
100.000000, 5, 0.151276, 0.000000, -0.066366, -0.078906, 0.043980, -0.014408
100.000000, 6, 0.151276, 0.000000, -0.045509, -0.097585, 0.051771, -0.014408
100.000000, 7, 0.151276, 0.000000, -0.031775, -0.113136, 0.058036, -0.014408
100.000000, 8, 0.151276, 0.000000, -0.022730, -0.120749, 0.062703, -0.014408
100.000000, 9, 0.151276, 0.000000, -0.016773, -0.122667, 0.065799, -0.014408
100.000000, 0, 0.157450, 0.000000, -0.498527, -0.003164, 0.001210, -0.014773
100.000000, 1, 0.157450, 0.000000, -0.330229, -0.011132, 0.004564, -0.014773
100.000000, 2, 0.157450, 0.000000, -0.219399, -0.025203, 0.011350, -0.014773
100.000000, 3, 0.157450, 0.000000, -0.146414, -0.043698, 0.021228, -0.014773
100.000000, 4, 0.157450, 0.000000, -0.098350, -0.062229, 0.031283, -0.014773
100.000000, 5, 0.157450, 0.000000, -0.066698, -0.080688, 0.040071, -0.014773
100.000000, 6, 0.157450, 0.000000, -0.045855, -0.099650, 0.047298, -0.014773
100.000000, 7, 0.157450, 0.000000, -0.032128, -0.115460, 0.053092, -0.014773
100.000000, 8, 0.157450, 0.000000, -0.023089, -0.123249, 0.057416, -0.014773
100.000000, 9, 0.157450, 0.000000, -0.017136, -0.125295, 0.060322, -0.014773
100.000000, 0, 0.163625, 0.000000, -0.498585, -0.003235, 0.001071, -0.015110
100.000000, 1, 0.163625, 0.000000, -0.330385, -0.011347, 0.004017, -0.015110
100.000000, 2, 0.163625, 0.000000, -0.219619, -0.025761, 0.010086, -0.015110
100.000000, 3, 0.163625, 0.000000, -0.146675, -0.044593, 0.018967, -0.015110
100.000000, 4, 0.163625, 0.000000, -0.098639, -0.063551, 0.028050, -0.015110
100.000000, 5, 0.163625, 0.000000, -0.067006, -0.082308, 0.036095, -0.015110
100.000000, 6, 0.163625, 0.000000, -0.046174, -0.101539, 0.042738, -0.015110
100.000000, 7, 0.163625, 0.000000, -0.032455, -0.117589, 0.048049, -0.015110
100.000000, 8, 0.163625, 0.000000, -0.023421, -0.125544, 0.052019, -0.015110
100.000000, 9, 0.163625, 0.000000, -0.017472, -0.127708, 0.054729, -0.015110
100.000000, 0, 0.169799, 0.000000, -0.498639, -0.003298, 0.000928, -0.015419
100.000000, 1, 0.169799, 0.000000, -0.330527, -0.011536, 0.003462, -0.015419
100.000000, 2, 0.169799, 0.000000, -0.219820, -0.026261, 0.008799, -0.015419
100.000000, 3, 0.169799, 0.000000, -0.146915, -0.045386, 0.016672, -0.015419
100.000000, 4, 0.169799, 0.000000, -0.098904, -0.064736, 0.024774, -0.015419
100.000000, 5, 0.169799, 0.000000, -0.067287, -0.083764, 0.032054, -0.015419
100.000000, 6, 0.169799, 0.000000, -0.046467, -0.103249, 0.038098, -0.015419
100.000000, 7, 0.169799, 0.000000, -0.032755, -0.119519, 0.042915, -0.015419
100.000000, 8, 0.169799, 0.000000, -0.023726, -0.127629, 0.046517, -0.015419
100.000000, 9, 0.169799, 0.000000, -0.017780, -0.129903, 0.049023, -0.015419
100.000000, 0, 0.175974, 0.000000, -0.498687, -0.003353, 0.000784, -0.015699
100.000000, 1, 0.175974, 0.000000, -0.330656, -0.011697, 0.002898, -0.015699
100.000000, 2, 0.175974, 0.000000, -0.220002, -0.026700, 0.007490, -0.015699
100.000000, 3, 0.175974, 0.000000, -0.147132, -0.046076, 0.014347, -0.015699
100.000000, 4, 0.175974, 0.000000, -0.099144, -0.065781, 0.021458, -0.015699
100.000000, 5, 0.175974, 0.000000, -0.067542, -0.085054, 0.027955, -0.015699
100.000000, 6, 0.175974, 0.000000, -0.046732, -0.104777, 0.033384, -0.015699
100.000000, 7, 0.175974, 0.000000, -0.033027, -0.121245, 0.037696, -0.015699
100.000000, 8, 0.175974, 0.000000, -0.024002, -0.129501, 0.040916, -0.015699
100.000000, 9, 0.175974, 0.000000, -0.018059, -0.131877, 0.043207, -0.015699
100.000000, 0, 0.182148, 0.000000, -0.498731, -0.003399, 0.000638, -0.015949
100.000000, 1, 0.182148, 0.000000, -0.330772, -0.011832, 0.002328, -0.015949
100.000000, 2, 0.182148, 0.000000, -0.220164, -0.027079, 0.006163, -0.015949
100.000000, 3, 0.182148, 0.000000, -0.147326, -0.046661, 0.011995, -0.015949
100.000000, 4, 0.182148, 0.000000, -0.099358, -0.066684, 0.018108, -0.015949
100.000000, 5, 0.182148, 0.000000, -0.067770, -0.086176, 0.023801, -0.015949
100.000000, 6, 0.182148, 0.000000, -0.046968, -0.106120, 0.028602, -0.015949
100.000000, 7, 0.182148, 0.000000, -0.033270, -0.122765, 0.032400, -0.015949
100.000000, 8, 0.182148, 0.000000, -0.024249, -0.131155, 0.035223, -0.015949
100.000000, 9, 0.182148, 0.000000, -0.018308, -0.133627, 0.037285, -0.015949
100.000000, 0, 0.188323, 0.000000, -0.498769, -0.003437, 0.000490, -0.016168
100.000000, 1, 0.188323, 0.000000, -0.330873, -0.011940, 0.001752, -0.016168
100.000000, 2, 0.188323, 0.000000, -0.220307, -0.027396, 0.004820, -0.016168
100.000000, 3, 0.188323, 0.000000, -0.147496, -0.047143, 0.009621, -0.016168
100.000000, 4, 0.188323, 0.000000, -0.099547, -0.067442, 0.014726, -0.016168
100.000000, 5, 0.188323, 0.000000, -0.067970, -0.087128, 0.019599, -0.016168
100.000000, 6, 0.188323, 0.000000, -0.047176, -0.107275, 0.023759, -0.016168
100.000000, 7, 0.188323, 0.000000, -0.033483, -0.124074, 0.027034, -0.016168
100.000000, 8, 0.188323, 0.000000, -0.024465, -0.132587, 0.029446, -0.016168
100.000000, 9, 0.188323, 0.000000, -0.018526, -0.135148, 0.031261, -0.016168
100.000000, 0, 0.194497, 0.000000, -0.498801, -0.003466, 0.000342, -0.016357
100.000000, 1, 0.194497, 0.000000, -0.330960, -0.012020, 0.001172, -0.016357
100.000000, 2, 0.194497, 0.000000, -0.220430, -0.027651, 0.003464, -0.016357
100.000000, 3, 0.194497, 0.000000, -0.147642, -0.047519, 0.007228, -0.016357
100.000000, 4, 0.194497, 0.000000, -0.099708, -0.068055, 0.011317, -0.016357
100.000000, 5, 0.194497, 0.000000, -0.068142, -0.087907, 0.015354, -0.016357
100.000000, 6, 0.194497, 0.000000, -0.047355, -0.108237, 0.018860, -0.016357
100.000000, 7, 0.194497, 0.000000, -0.033665, -0.125167, 0.021606, -0.016357
100.000000, 8, 0.194497, 0.000000, -0.024651, -0.133790, 0.023594, -0.016357
100.000000, 9, 0.194497, 0.000000, -0.018714, -0.136435, 0.025143, -0.016357
100.000000, 0, 0.200672, 0.000000, -0.498828, -0.003486, 0.000194, -0.016513
100.000000, 1, 0.200672, 0.000000, -0.331032, -0.012072, 0.000589, -0.016513
100.000000, 2, 0.200672, 0.000000, -0.220531, -0.027842, 0.002097, -0.016513
100.000000, 3, 0.200672, 0.000000, -0.147763, -0.047791, 0.004820, -0.016513
100.000000, 4, 0.200672, 0.000000, -0.099842, -0.068521, 0.007886, -0.016513
100.000000, 5, 0.200672, 0.000000, -0.068284, -0.088518, 0.011073, -0.016513
100.000000, 6, 0.200672, 0.000000, -0.047503, -0.109009, 0.013913, -0.016513
100.000000, 7, 0.200672, 0.000000, -0.033817, -0.126048, 0.016121, -0.016513
100.000000, 8, 0.200672, 0.000000, -0.024805, -0.134765, 0.017673, -0.016513
100.000000, 9, 0.200672, 0.000000, -0.018870, -0.137484, 0.018932, -0.016513
100.000000, 0, 0.206846, 0.000000, -0.498850, -0.003498, 0.000045, -0.016637
100.000000, 1, 0.206846, 0.000000, -0.331089, -0.012097, 0.000003, -0.016637
100.000000, 2, 0.206846, 0.000000, -0.220612, -0.027969, 0.000723, -0.016637
100.000000, 3, 0.206846, 0.000000, -0.147858, -0.047957, 0.002401, -0.016637
100.000000, 4, 0.206846, 0.000000, -0.099948, -0.068835, 0.004436, -0.016637
100.000000, 5, 0.206846, 0.000000, -0.068397, -0.088952, 0.006761, -0.016637
100.000000, 6, 0.206846, 0.000000, -0.047620, -0.109583, 0.008923, -0.016637
100.000000, 7, 0.206846, 0.000000, -0.033937, -0.126710, 0.010590, -0.016637
100.000000, 8, 0.206846, 0.000000, -0.024926, -0.135503, 0.011700, -0.016637
100.000000, 9, 0.206846, 0.000000, -0.018993, -0.138286, 0.012647, -0.016637
100.000000, 0, 0.213021, 0.000000, -0.498865, -0.003501, -0.000102, -0.016726
100.000000, 1, 0.213021, 0.000000, -0.331130, -0.012094, -0.000583, -0.016726
100.000000, 2, 0.213021, 0.000000, -0.220670, -0.028030, -0.000655, -0.016726
100.000000, 3, 0.213021, 0.000000, -0.147928, -0.048016, -0.000026, -0.016726
100.000000, 4, 0.213021, 0.000000, -0.100025, -0.068994, 0.000974, -0.016726
100.000000, 5, 0.213021, 0.000000, -0.068479, -0.089203, 0.002425, -0.016726
100.000000, 6, 0.213021, 0.000000, -0.047705, -0.109940, 0.003898, -0.016726
100.000000, 7, 0.213021, 0.000000, -0.034024, -0.127133, 0.005017, -0.016726
100.000000, 8, 0.213021, 0.000000, -0.025015, -0.135986, 0.005681, -0.016726
100.000000, 9, 0.213021, 0.000000, -0.019082, -0.138830, 0.006298, -0.016726
100.000000, 0, 0.219195, 0.000000, -0.498875, -0.003495, -0.000249, -0.016781
100.000000, 1, 0.219195, 0.000000, -0.331155, -0.012063, -0.001169, -0.016781
100.000000, 2, 0.219195, 0.000000, -0.220706, -0.028030, -0.002036, -0.016781
100.000000, 3, 0.219195, 0.000000, -0.147971, -0.047973, -0.002456, -0.016781
100.000000, 4, 0.219195, 0.000000, -0.100072, -0.069010, -0.002496, -0.016781
100.000000, 5, 0.219195, 0.000000, -0.068529, -0.089292, -0.001926, -0.016781
100.000000, 6, 0.219195, 0.000000, -0.047757, -0.110116, -0.001152, -0.016781
100.000000, 7, 0.219195, 0.000000, -0.034078, -0.127352, -0.000589, -0.016781
100.000000, 8, 0.219195, 0.000000, -0.025069, -0.136242, -0.000382, -0.016781
100.000000, 9, 0.219195, 0.000000, -0.019137, -0.139128, -0.000119, -0.016781
100.000000, 0, 0.225370, 0.000000, -0.498879, -0.003480, -0.000395, -0.016804
100.000000, 1, 0.225370, 0.000000, -0.331166, -0.012005, -0.001754, -0.016804
100.000000, 2, 0.225370, 0.000000, -0.220720, -0.027964, -0.003416, -0.016804
100.000000, 3, 0.225370, 0.000000, -0.147988, -0.047823, -0.004887, -0.016804
100.000000, 4, 0.225370, 0.000000, -0.100091, -0.068873, -0.005971, -0.016804
100.000000, 5, 0.225370, 0.000000, -0.068549, -0.089202, -0.006289, -0.016804
100.000000, 6, 0.225370, 0.000000, -0.047778, -0.110088, -0.006225, -0.016804
100.000000, 7, 0.225370, 0.000000, -0.034099, -0.127351, -0.006219, -0.016804
100.000000, 8, 0.225370, 0.000000, -0.025091, -0.136257, -0.006458, -0.016804
100.000000, 9, 0.225370, 0.000000, -0.019159, -0.139173, -0.006557, -0.016804
100.000000, 0, 0.231544, 0.000000, -0.498876, -0.003456, -0.000540, -0.016789
100.000000, 1, 0.231544, 0.000000, -0.331159, -0.011919, -0.002337, -0.016789
100.000000, 2, 0.231544, 0.000000, -0.220711, -0.027832, -0.004793, -0.016789
100.000000, 3, 0.231544, 0.000000, -0.147976, -0.047564, -0.007314, -0.016789
100.000000, 4, 0.231544, 0.000000, -0.100078, -0.068576, -0.009444, -0.016789
100.000000, 5, 0.231544, 0.000000, -0.068536, -0.088919, -0.010653, -0.016789
100.000000, 6, 0.231544, 0.000000, -0.047764, -0.109832, -0.011307, -0.016789
100.000000, 7, 0.231544, 0.000000, -0.034085, -0.127098, -0.011867, -0.016789
100.000000, 8, 0.231544, 0.000000, -0.025076, -0.135999, -0.012553, -0.016789
100.000000, 9, 0.231544, 0.000000, -0.019144, -0.138934, -0.013031, -0.016789
100.000000, 0, 0.237719, 0.000000, -0.498867, -0.003424, -0.000683, -0.016738
100.000000, 1, 0.237719, 0.000000, -0.331135, -0.011805, -0.002917, -0.016738
100.000000, 2, 0.237719, 0.000000, -0.220677, -0.027637, -0.006163, -0.016738
100.000000, 3, 0.237719, 0.000000, -0.147937, -0.047198, -0.009734, -0.016738
100.000000, 4, 0.237719, 0.000000, -0.100034, -0.068129, -0.012911, -0.016738
100.000000, 5, 0.237719, 0.000000, -0.068489, -0.088458, -0.015013, -0.016738
100.000000, 6, 0.237719, 0.000000, -0.047715, -0.109372, -0.016392, -0.016738
100.000000, 7, 0.237719, 0.000000, -0.034035, -0.126620, -0.017523, -0.016738
100.000000, 8, 0.237719, 0.000000, -0.025026, -0.135492, -0.018653, -0.016738
100.000000, 9, 0.237719, 0.000000, -0.019093, -0.138424, -0.019508, -0.016738
100.000000, 0, 0.243893, 0.000000, -0.498852, -0.003383, -0.000824, -0.016650
100.000000, 1, 0.243893, 0.000000, -0.331095, -0.011665, -0.003492, -0.016650
100.000000, 2, 0.243893, 0.000000, -0.220621, -0.027377, -0.007525, -0.016650
100.000000, 3, 0.243893, 0.000000, -0.147869, -0.046725, -0.012142, -0.016650
100.000000, 4, 0.243893, 0.000000, -0.099960, -0.067529, -0.016366, -0.016650
100.000000, 5, 0.243893, 0.000000, -0.068410, -0.087812, -0.019362, -0.016650
100.000000, 6, 0.243893, 0.000000, -0.047633, -0.108700, -0.021471, -0.016650
100.000000, 7, 0.243893, 0.000000, -0.033950, -0.125911, -0.023178, -0.016650
100.000000, 8, 0.243893, 0.000000, -0.024940, -0.134730, -0.024744, -0.016650
100.000000, 9, 0.243893, 0.000000, -0.019006, -0.137644, -0.025974, -0.016650
100.000000, 0, 0.250068, 0.000000, -0.498831, -0.003334, -0.000963, -0.016527
100.000000, 1, 0.250068, 0.000000, -0.331038, -0.011496, -0.004061, -0.016527
100.000000, 2, 0.250068, 0.000000, -0.220540, -0.027054, -0.008875, -0.016527
100.000000, 3, 0.250068, 0.000000, -0.147773, -0.046144, -0.014534, -0.016527
100.000000, 4, 0.250068, 0.000000, -0.099854, -0.066775, -0.019805, -0.016527
100.000000, 5, 0.250068, 0.000000, -0.068297, -0.086977, -0.023693, -0.016527
100.000000, 6, 0.250068, 0.000000, -0.047516, -0.107811, -0.026533, -0.016527
100.000000, 7, 0.250068, 0.000000, -0.033830, -0.124966, -0.028821, -0.016527
100.000000, 8, 0.250068, 0.000000, -0.024818, -0.133709, -0.030820, -0.016527
100.000000, 9, 0.250068, 0.000000, -0.018883, -0.136587, -0.032418, -0.016527
100.000000, 0, 0.256242, 0.000000, -0.498803, -0.003277, -0.001098, -0.016366
100.000000, 1, 0.256242, 0.000000, -0.330964, -0.011301, -0.004623, -0.016366
100.000000, 2, 0.256242, 0.000000, -0.220436, -0.026668, -0.010211, -0.016366
100.000000, 3, 0.256242, 0.000000, -0.147649, -0.045454, -0.016906, -0.016366
100.000000, 4, 0.256242, 0.000000, -0.099716, -0.065868, -0.023220, -0.016366
100.000000, 5, 0.256242, 0.000000, -0.068150, -0.085953, -0.027997, -0.016366
100.000000, 6, 0.256242, 0.000000, -0.047363, -0.106705, -0.031568, -0.016366
100.000000, 7, 0.256242, 0.000000, -0.033674, -0.123784, -0.034439, -0.016366
100.000000, 8, 0.256242, 0.000000, -0.024660, -0.132427, -0.036871, -0.016366
100.000000, 9, 0.256242, 0.000000, -0.018723, -0.135251, -0.038828, -0.016366
100.000000, 0, 0.262417, 0.000000, -0.498769, -0.003212, -0.001230, -0.016169
100.000000, 1, 0.262417, 0.000000, -0.330873, -0.011080, -0.005177, -0.016169
100.000000, 2, 0.262417, 0.000000, -0.220307, -0.026218, -0.011531, -0.016169
100.000000, 3, 0.262417, 0.000000, -0.147496, -0.044657, -0.019253, -0.016169
100.000000, 4, 0.262417, 0.000000, -0.099547, -0.064810, -0.026607, -0.016169
100.000000, 5, 0.262417, 0.000000, -0.067971, -0.084733, -0.032269, -0.016169
100.000000, 6, 0.262417, 0.000000, -0.047176, -0.105378, -0.036563, -0.016169
100.000000, 7, 0.262417, 0.000000, -0.033483, -0.122358, -0.040018, -0.016169
100.000000, 8, 0.262417, 0.000000, -0.024465, -0.130877, -0.042885, -0.016169
100.000000, 9, 0.262417, 0.000000, -0.018527, -0.133629, -0.045189, -0.016169
100.000000, 0, 0.268591, 0.000000, -0.498728, -0.003138, -0.001358, -0.015934
100.000000, 1, 0.268591, 0.000000, -0.330765, -0.010832, -0.005720, -0.015934
100.000000, 2, 0.268591, 0.000000, -0.220155, -0.025707, -0.012832, -0.015934
100.000000, 3, 0.268591, 0.000000, -0.147314, -0.043753, -0.021570, -0.015934
100.000000, 4, 0.268591, 0.000000, -0.099346, -0.063600, -0.029960, -0.015934
100.000000, 5, 0.268591, 0.000000, -0.067757, -0.083319, -0.036502, -0.015934
100.000000, 6, 0.268591, 0.000000, -0.046954, -0.103832, -0.041507, -0.015934
100.000000, 7, 0.268591, 0.000000, -0.033255, -0.120685, -0.045547, -0.015934
100.000000, 8, 0.268591, 0.000000, -0.024234, -0.129055, -0.048852, -0.015934
100.000000, 9, 0.268591, 0.000000, -0.018293, -0.131719, -0.051490, -0.015934
100.000000, 0, 0.274766, 0.000000, -0.498681, -0.003058, -0.001482, -0.015662
100.000000, 1, 0.274766, 0.000000, -0.330639, -0.010558, -0.006252, -0.015662
100.000000, 2, 0.274766, 0.000000, -0.219978, -0.025135, -0.014112, -0.015662
100.000000, 3, 0.274766, 0.000000, -0.147103, -0.042744, -0.023856, -0.015662
100.000000, 4, 0.274766, 0.000000, -0.099112, -0.062240, -0.033278, -0.015662
100.000000, 5, 0.274766, 0.000000, -0.067509, -0.081712, -0.040691, -0.015662
100.000000, 6, 0.274766, 0.000000, -0.046697, -0.102068, -0.046391, -0.015662
100.000000, 7, 0.274766, 0.000000, -0.032991, -0.118762, -0.051011, -0.015662
100.000000, 8, 0.274766, 0.000000, -0.023966, -0.126964, -0.054756, -0.015662
100.000000, 9, 0.274766, 0.000000, -0.018022, -0.129528, -0.057714, -0.015662
100.000000, 0, 0.280940, 0.000000, -0.498627, -0.002970, -0.001603, -0.015353
100.000000, 1, 0.280940, 0.000000, -0.330497, -0.010259, -0.006772, -0.015353
100.000000, 2, 0.280940, 0.000000, -0.219777, -0.024502, -0.015368, -0.015353
100.000000, 3, 0.280940, 0.000000, -0.146863, -0.041629, -0.026106, -0.015353
100.000000, 4, 0.280940, 0.000000, -0.098847, -0.060729, -0.036553, -0.015353
100.000000, 5, 0.280940, 0.000000, -0.067227, -0.079913, -0.044830, -0.015353
100.000000, 6, 0.280940, 0.000000, -0.046404, -0.100083, -0.051209, -0.015353
100.000000, 7, 0.280940, 0.000000, -0.032691, -0.116588, -0.056400, -0.015353
100.000000, 8, 0.280940, 0.000000, -0.023661, -0.124600, -0.060588, -0.015353
100.000000, 9, 0.280940, 0.000000, -0.017714, -0.127055, -0.063861, -0.015353
100.000000, 0, 0.287115, 0.000000, -0.498567, -0.002874, -0.001720, -0.015006
100.000000, 1, 0.287115, 0.000000, -0.330337, -0.009935, -0.007280, -0.015006
100.000000, 2, 0.287115, 0.000000, -0.219551, -0.023810, -0.016597, -0.015006
100.000000, 3, 0.287115, 0.000000, -0.146595, -0.040410, -0.028313, -0.015006
100.000000, 4, 0.287115, 0.000000, -0.098550, -0.059069, -0.039780, -0.015006
100.000000, 5, 0.287115, 0.000000, -0.066911, -0.077924, -0.048915, -0.015006
100.000000, 6, 0.287115, 0.000000, -0.046076, -0.097882, -0.055958, -0.015006
100.000000, 7, 0.287115, 0.000000, -0.032355, -0.114167, -0.061703, -0.015006
100.000000, 8, 0.287115, 0.000000, -0.023319, -0.121963, -0.066334, -0.015006
100.000000, 9, 0.287115, 0.000000, -0.017369, -0.124294, -0.069918, -0.015006
100.000000, 0, 0.293289, 0.000000, -0.498501, -0.002772, -0.001834, -0.014622
100.000000, 1, 0.293289, 0.000000, -0.330160, -0.009585, -0.007773, -0.014622
100.000000, 2, 0.293289, 0.000000, -0.219301, -0.023060, -0.017797, -0.014622
100.000000, 3, 0.293289, 0.000000, -0.146297, -0.039088, -0.030475, -0.014622
100.000000, 4, 0.293289, 0.000000, -0.098221, -0.057261, -0.042950, -0.014622
100.000000, 5, 0.293289, 0.000000, -0.066561, -0.075744, -0.052941, -0.014622
100.000000, 6, 0.293289, 0.000000, -0.045712, -0.095463, -0.060632, -0.014622
100.000000, 7, 0.293289, 0.000000, -0.031982, -0.111502, -0.066911, -0.014622
100.000000, 8, 0.293289, 0.000000, -0.022940, -0.119054, -0.071981, -0.014622
100.000000, 9, 0.293289, 0.000000, -0.016986, -0.121244, -0.075873, -0.014622
100.000000, 0, 0.299464, 0.000000, -0.498428, -0.002663, -0.001944, -0.014201
100.000000, 1, 0.299464, 0.000000, -0.329966, -0.009212, -0.008251, -0.014201
100.000000, 2, 0.299464, 0.000000, -0.219028, -0.022252, -0.018966, -0.014201
100.000000, 3, 0.299464, 0.000000, -0.145971, -0.037665, -0.032584, -0.014201
100.000000, 4, 0.299464, 0.000000, -0.097860, -0.055305, -0.046056, -0.014201
100.000000, 5, 0.299464, 0.000000, -0.066178, -0.073373, -0.056901, -0.014201
100.000000, 6, 0.299464, 0.000000, -0.045314, -0.092827, -0.065225, -0.014201
100.000000, 7, 0.299464, 0.000000, -0.031574, -0.108593, -0.072014, -0.014201
100.000000, 8, 0.299464, 0.000000, -0.022526, -0.115877, -0.077516, -0.014201
100.000000, 9, 0.299464, 0.000000, -0.016567, -0.117906, -0.081716, -0.014201
100.000000, 0, 0.305638, 0.000000, -0.498348, -0.002548, -0.002050, -0.013744
100.000000, 1, 0.305638, 0.000000, -0.329755, -0.008816, -0.008713, -0.013744
100.000000, 2, 0.305638, 0.000000, -0.218730, -0.021389, -0.020101, -0.013744
100.000000, 3, 0.305638, 0.000000, -0.145616, -0.036143, -0.034636, -0.013744
100.000000, 4, 0.305638, 0.000000, -0.097468, -0.053201, -0.049091, -0.013744
100.000000, 5, 0.305638, 0.000000, -0.065761, -0.070812, -0.060787, -0.013744
100.000000, 6, 0.305638, 0.000000, -0.044880, -0.089974, -0.069728, -0.013744
100.000000, 7, 0.305638, 0.000000, -0.031130, -0.105442, -0.077003, -0.013744
100.000000, 8, 0.305638, 0.000000, -0.022074, -0.112435, -0.082926, -0.013744
100.000000, 9, 0.305638, 0.000000, -0.016111, -0.114279, -0.087438, -0.013744
100.000000, 0, 0.311813, 0.000000, -0.498263, -0.002426, -0.002152, -0.013250
100.000000, 1, 0.311813, 0.000000, -0.329527, -0.008397, -0.009158, -0.013250
100.000000, 2, 0.311813, 0.000000, -0.218409, -0.020470, -0.021198, -0.013250
100.000000, 3, 0.311813, 0.000000, -0.145233, -0.034525, -0.036627, -0.013250
100.000000, 4, 0.311813, 0.000000, -0.097045, -0.050950, -0.052047, -0.013250
100.000000, 5, 0.311813, 0.000000, -0.065311, -0.068062, -0.064589, -0.013250
100.000000, 6, 0.311813, 0.000000, -0.044413, -0.086900, -0.074137, -0.013250
100.000000, 7, 0.311813, 0.000000, -0.030650, -0.102049, -0.081868, -0.013250
100.000000, 8, 0.311813, 0.000000, -0.021588, -0.108729, -0.088198, -0.013250
100.000000, 9, 0.311813, 0.000000, -0.015619, -0.110364, -0.093023, -0.013250
100.000000, 0, 0.317987, 0.000000, -0.498171, -0.002299, -0.002249, -0.012720
100.000000, 1, 0.317987, 0.000000, -0.329283, -0.007957, -0.009584, -0.012720
100.000000, 2, 0.317987, 0.000000, -0.218064, -0.019497, -0.022256, -0.012720
100.000000, 3, 0.317987, 0.000000, -0.144823, -0.032813, -0.038553, -0.012720
100.000000, 4, 0.317987, 0.000000, -0.096590, -0.048557, -0.054918, -0.012720
100.000000, 5, 0.317987, 0.000000, -0.064828, -0.065124, -0.068298, -0.012720
100.000000, 6, 0.317987, 0.000000, -0.043911, -0.083606, -0.078442, -0.012720
100.000000, 7, 0.317987, 0.000000, -0.030136, -0.098415, -0.086604, -0.012720
100.000000, 8, 0.317987, 0.000000, -0.021065, -0.104764, -0.093318, -0.012720
100.000000, 9, 0.317987, 0.000000, -0.015092, -0.106166, -0.098458, -0.012720
100.000000, 0, 0.324162, 0.000000, -0.498073, -0.002166, -0.002340, -0.012155
100.000000, 1, 0.324162, 0.000000, -0.329023, -0.007495, -0.009991, -0.012155
100.000000, 2, 0.324162, 0.000000, -0.217697, -0.018473, -0.023272, -0.012155
100.000000, 3, 0.324162, 0.000000, -0.144385, -0.031009, -0.040409, -0.012155
100.000000, 4, 0.324162, 0.000000, -0.096106, -0.046022, -0.057694, -0.012155
100.000000, 5, 0.324162, 0.000000, -0.064313, -0.062000, -0.071903, -0.012155
100.000000, 6, 0.324162, 0.000000, -0.043376, -0.080089, -0.082638, -0.012155
100.000000, 7, 0.324162, 0.000000, -0.029588, -0.094535, -0.091201, -0.012155
100.000000, 8, 0.324162, 0.000000, -0.020508, -0.100541, -0.098272, -0.012155
100.000000, 9, 0.324162, 0.000000, -0.014529, -0.101686, -0.103726, -0.012155
100.000000, 0, 0.330336, 0.000000, -0.497969, -0.002027, -0.002427, -0.011555
100.000000, 1, 0.330336, 0.000000, -0.328746, -0.007014, -0.010377, -0.011555
100.000000, 2, 0.330336, 0.000000, -0.217307, -0.017398, -0.024244, -0.011555
100.000000, 3, 0.330336, 0.000000, -0.143920, -0.029117, -0.042190, -0.011555
100.000000, 4, 0.330336, 0.000000, -0.095592, -0.043350, -0.060369, -0.011555
100.000000, 5, 0.330336, 0.000000, -0.063766, -0.058694, -0.075396, -0.011555
100.000000, 6, 0.330336, 0.000000, -0.042808, -0.076350, -0.086714, -0.011555
100.000000, 7, 0.330336, 0.000000, -0.029006, -0.090410, -0.095655, -0.011555
100.000000, 8, 0.330336, 0.000000, -0.019917, -0.096062, -0.103050, -0.011555
100.000000, 9, 0.330336, 0.000000, -0.013931, -0.096929, -0.108811, -0.011555
100.000000, 0, 0.336511, 0.000000, -0.497859, -0.001884, -0.002507, -0.010921
100.000000, 1, 0.336511, 0.000000, -0.328454, -0.006513, -0.010743, -0.010921
100.000000, 2, 0.336511, 0.000000, -0.216894, -0.016274, -0.025169, -0.010921
100.000000, 3, 0.336511, 0.000000, -0.143428, -0.027138, -0.043893, -0.010921
100.000000, 4, 0.336511, 0.000000, -0.095048, -0.040543, -0.062936, -0.010921
100.000000, 5, 0.336511, 0.000000, -0.063188, -0.055209, -0.078762, -0.010921
100.000000, 6, 0.336511, 0.000000, -0.042207, -0.072392, -0.090663, -0.010921
100.000000, 7, 0.336511, 0.000000, -0.028391, -0.086037, -0.099960, -0.010921
100.000000, 8, 0.336511, 0.000000, -0.019292, -0.091328, -0.107642, -0.010921
100.000000, 9, 0.336511, 0.000000, -0.013300, -0.091897, -0.113696, -0.010921
100.000000, 0, 0.342686, 0.000000, -0.497743, -0.001736, -0.002582, -0.010254
100.000000, 1, 0.342686, 0.000000, -0.328146, -0.005994, -0.011087, -0.010254
100.000000, 2, 0.342686, 0.000000, -0.216460, -0.015105, -0.026044, -0.010254
100.000000, 3, 0.342686, 0.000000, -0.142911, -0.025077, -0.045513, -0.010254
100.000000, 4, 0.342686, 0.000000, -0.094477, -0.037607, -0.065386, -0.010254
100.000000, 5, 0.342686, 0.000000, -0.062580, -0.051550, -0.081990, -0.010254
100.000000, 6, 0.342686, 0.000000, -0.041576, -0.068215, -0.094471, -0.010254
100.000000, 7, 0.342686, 0.000000, -0.027743, -0.081416, -0.104110, -0.010254
100.000000, 8, 0.342686, 0.000000, -0.018634, -0.086341, -0.112039, -0.010254
100.000000, 9, 0.342686, 0.000000, -0.012636, -0.086595, -0.118365, -0.010254
100.000000, 0, 0.348860, 0.000000, -0.497622, -0.001584, -0.002651, -0.009554
100.000000, 1, 0.348860, 0.000000, -0.327824, -0.005458, -0.011407, -0.009554
100.000000, 2, 0.348860, 0.000000, -0.216006, -0.013890, -0.026868, -0.009554
100.000000, 3, 0.348860, 0.000000, -0.142369, -0.022935, -0.047046, -0.009554
100.000000, 4, 0.348860, 0.000000, -0.093877, -0.034545, -0.067712, -0.009554
100.000000, 5, 0.348860, 0.000000, -0.061943, -0.047722, -0.085068, -0.009554
100.000000, 6, 0.348860, 0.000000, -0.040913, -0.063824, -0.098124, -0.009554
100.000000, 7, 0.348860, 0.000000, -0.027065, -0.076548, -0.108098, -0.009554
100.000000, 8, 0.348860, 0.000000, -0.017945, -0.081100, -0.116236, -0.009554
100.000000, 9, 0.348860, 0.000000, -0.011939, -0.081028, -0.122801, -0.009554
100.000000, 0, 0.355035, 0.000000, -0.497495, -0.001428, -0.002713, -0.008823
100.000000, 1, 0.355035, 0.000000, -0.327487, -0.004906, -0.011704, -0.008823
100.000000, 2, 0.355035, 0.000000, -0.215530, -0.012633, -0.027639, -0.008823
100.000000, 3, 0.355035, 0.000000, -0.141803, -0.020717, -0.048487, -0.008823
100.000000, 4, 0.355035, 0.000000, -0.093251, -0.031363, -0.069907, -0.008823
100.000000, 5, 0.355035, 0.000000, -0.061277, -0.043733, -0.087982, -0.008823
100.000000, 6, 0.355035, 0.000000, -0.040221, -0.059225, -0.101607, -0.008823
100.000000, 7, 0.355035, 0.000000, -0.026355, -0.071435, -0.111915, -0.008823
100.000000, 8, 0.355035, 0.000000, -0.017224, -0.075607, -0.120228, -0.008823
100.000000, 9, 0.355035, 0.000000, -0.011211, -0.075199, -0.126995, -0.008823
100.000000, 0, 0.361209, 0.000000, -0.497363, -0.001268, -0.002770, -0.008063
100.000000, 1, 0.361209, 0.000000, -0.327136, -0.004338, -0.011976, -0.008063
100.000000, 2, 0.361209, 0.000000, -0.215036, -0.011336, -0.028353, -0.008063
100.000000, 3, 0.361209, 0.000000, -0.141213, -0.018426, -0.049832, -0.008063
100.000000, 4, 0.361209, 0.000000, -0.092598, -0.028065, -0.071963, -0.008063
100.000000, 5, 0.361209, 0.000000, -0.060584, -0.039590, -0.090722, -0.008063
100.000000, 6, 0.361209, 0.000000, -0.039501, -0.054424, -0.104903, -0.008063
100.000000, 7, 0.361209, 0.000000, -0.025617, -0.066080, -0.115547, -0.008063
100.000000, 8, 0.361209, 0.000000, -0.016474, -0.069861, -0.124013, -0.008063
100.000000, 9, 0.361209, 0.000000, -0.010453, -0.069114, -0.130937, -0.008063
100.000000, 0, 0.367384, 0.000000, -0.497226, -0.001106, -0.002820, -0.007273
100.000000, 1, 0.367384, 0.000000, -0.326772, -0.003757, -0.012223, -0.007273
100.000000, 2, 0.367384, 0.000000, -0.214522, -0.010000, -0.029009, -0.007273
100.000000, 3, 0.367384, 0.000000, -0.140601, -0.016065, -0.051076, -0.007273
100.000000, 4, 0.367384, 0.000000, -0.091922, -0.024656, -0.073873, -0.007273
100.000000, 5, 0.367384, 0.000000, -0.059864, -0.035300, -0.093274, -0.007273
100.000000, 6, 0.367384, 0.000000, -0.038754, -0.049431, -0.107995, -0.007273
100.000000, 7, 0.367384, 0.000000, -0.024851, -0.060491, -0.118981, -0.007273
100.000000, 8, 0.367384, 0.000000, -0.015696, -0.063867, -0.127583, -0.007273
100.000000, 9, 0.367384, 0.000000, -0.009667, -0.062777, -0.134620, -0.007273
100.000000, 0, 0.373558, 0.000000, -0.497085, -0.000941, -0.002864, -0.006457
100.000000, 1, 0.373558, 0.000000, -0.326396, -0.003162, -0.012443, -0.006457
100.000000, 2, 0.373558, 0.000000, -0.213991, -0.008629, -0.029604, -0.006457
100.000000, 3, 0.373558, 0.000000, -0.139968, -0.013638, -0.052215, -0.006457
100.000000, 4, 0.373558, 0.000000, -0.091222, -0.021143, -0.075632, -0.006457
100.000000, 5, 0.373558, 0.000000, -0.059120, -0.030871, -0.095630, -0.006457
100.000000, 6, 0.373558, 0.000000, -0.037980, -0.044254, -0.110864, -0.006457
100.000000, 7, 0.373558, 0.000000, -0.024059, -0.054676, -0.122197, -0.006457
100.000000, 8, 0.373558, 0.000000, -0.014891, -0.057626, -0.130933, -0.006457
100.000000, 9, 0.373558, 0.000000, -0.008854, -0.056191, -0.138041, -0.006457
100.000000, 0, 0.379733, 0.000000, -0.496939, -0.000774, -0.002902, -0.005614
100.000000, 1, 0.379733, 0.000000, -0.326008, -0.002556, -0.012637, -0.005614
100.000000, 2, 0.379733, 0.000000, -0.213443, -0.007224, -0.030138, -0.005614
100.000000, 3, 0.379733, 0.000000, -0.139316, -0.011148, -0.053245, -0.005614
100.000000, 4, 0.379733, 0.000000, -0.090500, -0.017530, -0.077231, -0.005614
100.000000, 5, 0.379733, 0.000000, -0.058353, -0.026311, -0.097777, -0.005614
100.000000, 6, 0.379733, 0.000000, -0.037183, -0.038906, -0.113493, -0.005614
100.000000, 7, 0.379733, 0.000000, -0.023242, -0.048650, -0.125174, -0.005614
100.000000, 8, 0.379733, 0.000000, -0.014061, -0.051153, -0.134049, -0.005614
100.000000, 9, 0.379733, 0.000000, -0.008015, -0.049372, -0.141197, -0.005614
100.000000, 0, 0.385907, 0.000000, -0.496788, -0.000605, -0.002932, -0.004748
100.000000, 1, 0.385907, 0.000000, -0.325608, -0.001940, -0.012803, -0.004748
100.000000, 2, 0.385907, 0.000000, -0.212880, -0.005789, -0.030608, -0.004748
100.000000, 3, 0.385907, 0.000000, -0.138644, -0.008601, -0.054162, -0.004748
100.000000, 4, 0.385907, 0.000000, -0.089757, -0.013825, -0.078665, -0.004748
100.000000, 5, 0.385907, 0.000000, -0.057563, -0.021629, -0.099708, -0.004748
100.000000, 6, 0.385907, 0.000000, -0.036363, -0.033394, -0.115868, -0.004748
100.000000, 7, 0.385907, 0.000000, -0.022401, -0.042425, -0.127894, -0.004748
100.000000, 8, 0.385907, 0.000000, -0.013207, -0.044457, -0.136920, -0.004748
100.000000, 9, 0.385907, 0.000000, -0.007152, -0.042325, -0.144088, -0.004748
100.000000, 0, 0.392082, 0.000000, -0.496634, -0.000434, -0.002955, -0.003860
100.000000, 1, 0.392082, 0.000000, -0.325199, -0.001313, -0.012941, -0.003860
100.000000, 2, 0.392082, 0.000000, -0.212302, -0.004326, -0.031012, -0.003860
100.000000, 3, 0.392082, 0.000000, -0.137956, -0.006000, -0.054963, -0.003860
100.000000, 4, 0.392082, 0.000000, -0.088996, -0.010033, -0.079927, -0.003860
100.000000, 5, 0.392082, 0.000000, -0.056754, -0.016835, -0.101411, -0.003860
100.000000, 6, 0.392082, 0.000000, -0.035522, -0.027734, -0.117972, -0.003860
100.000000, 7, 0.392082, 0.000000, -0.021539, -0.036021, -0.130332, -0.003860
100.000000, 8, 0.392082, 0.000000, -0.012331, -0.037559, -0.139523, -0.003860
100.000000, 9, 0.392082, 0.000000, -0.006268, -0.035070, -0.146706, -0.003860
